scrap_id,folder,target_area_in2,isosceles_recovery_pct,306090_recovery_pct,equilateral_recovery_pct
audrey_scrap2_Polygon-14,audrey,0.25,68.81,77.41,62.36
audrey_scrap2_Polygon-13,audrey,0.25,67.60,76.06,57.04
audrey_scrap2_Polygon-16,audrey,0.25,83.63,83.63,76.66
audrey_scrap2_Polygon-2,audrey,0.25,78.37,73.14,75.23
audrey_scrap2_Polygon-6,audrey,0.25,65.75,65.75,57.53
audrey_scrap2_Polygon-7,audrey,0.25,75.68,70.28,72.68
audrey_scrap2_Polygon-10,audrey,0.25,70.50,79.32,52.88
audrey_scrap2_Polygon-5,audrey,0.25,38.28,38.28,38.28
audrey_scrap2_Polygon-9,audrey,0.25,69.20,71.43,58.04
audrey_scrap2_Polygon-3,audrey,0.25,40.52,20.26,40.52
audrey_scrap2_Polygon-18,audrey,0.25,69.22,49.75,60.57
audrey_scrap2_Polygon-11,audrey,0.25,70.45,77.06,55.04
audrey_scrap2_Polygon-17,audrey,0.25,58.58,61.83,55.32
audrey_scrap2_Polygon-4,audrey,0.25,43.78,65.67,38.31
audrey_scrap2_Polygon-12,audrey,0.25,70.38,79.17,70.38
audrey_scrap2_Polygon-15,audrey,0.25,69.43,72.99,78.33
audrey_scrap2_Polygon-8,audrey,0.25,75.47,54.48,74.58
audrey_scrap4_Polygon-25,audrey,0.25,85.05,85.83,74.90
audrey_scrap4_Polygon-2,audrey,0.25,58.05,62.51,49.12
audrey_scrap4_Polygon-7,audrey,0.25,69.67,74.65,59.72
audrey_scrap4_Polygon-23,audrey,0.25,67.64,81.17,54.11
audrey_scrap4_Polygon-3,audrey,0.25,83.97,93.30,79.97
audrey_scrap4_Polygon-24,audrey,0.25,84.01,78.59,62.33
audrey_scrap4_Polygon-14,audrey,0.25,39.96,59.93,59.93
audrey_scrap4_Polygon-8,audrey,0.25,64.98,78.91,55.70
audrey_scrap4_Polygon-18,audrey,0.25,64.68,72.76,64.68
audrey_scrap4_Polygon-26,audrey,0.25,60.44,76.56,40.29
audrey_scrap4_Polygon-20,audrey,0.25,61.47,69.15,61.47
audrey_scrap4_Polygon-17,audrey,0.25,42.90,64.35,53.63
audrey_scrap4_Polygon-13,audrey,0.25,47.19,75.50,47.19
audrey_scrap4_Polygon-9,audrey,0.25,56.59,70.73,61.30
audrey_scrap4_Polygon-10,audrey,0.25,60.87,60.87,45.65
audrey_scrap4_Polygon-12,audrey,0.25,41.77,57.44,41.77
audrey_scrap4_Polygon-11,audrey,0.25,74.07,83.33,55.55
audrey_scrap4_Polygon-16,audrey,0.25,64.57,72.64,64.57
audrey_scrap4_Polygon-19,audrey,0.25,46.74,74.79,46.74
audrey_scrap4_Polygon-5,audrey,0.25,74.59,77.36,70.45
audrey_scrap4_Polygon-22,audrey,0.25,65.74,82.17,57.52
audrey_scrap4_Polygon-27,audrey,0.25,67.37,64.56,64.56
audrey_scrap4_Polygon-21,audrey,0.25,73.53,82.72,59.74
audrey_scrap4_Polygon-15,audrey,0.25,39.90,59.85,49.87
audrey_scrap4_Polygon-28,audrey,0.25,72.72,75.23,65.20
audrey_scrap4_Polygon-4,audrey,0.25,77.91,82.66,73.16
audrey_scrap4_Polygon-6,audrey,0.25,75.60,85.05,66.15
audrey_scrap1_Polygon-2,audrey,0.25,71.83,79.01,57.46
audrey_scrap1_Polygon-11,audrey,0.25,64.20,66.20,60.19
audrey_scrap1_Polygon-7,audrey,0.25,68.55,74.97,74.97
audrey_scrap1_Polygon-14,audrey,0.25,68.56,76.96,72.76
audrey_scrap1_Polygon-4,audrey,0.25,62.89,75.46,75.46
audrey_scrap1_Polygon-15,audrey,0.25,71.63,65.29,73.53
audrey_scrap1_Polygon-10,audrey,0.25,46.50,69.74,46.50
audrey_scrap1_Polygon-9,audrey,0.25,66.44,74.74,71.18
audrey_scrap1_Polygon-12,audrey,0.25,53.62,35.75,26.81
audrey_scrap1_Polygon-6,audrey,0.25,76.09,64.20,64.20
audrey_scrap1_Polygon-3,audrey,0.25,85.46,83.70,65.20
audrey_scrap1_Polygon-5,audrey,0.25,62.49,74.99,62.49
audrey_scrap1_Polygon-13,audrey,0.25,68.85,76.95,64.80
audrey_scrap1_Polygon-8,audrey,0.25,90.52,88.08,86.24
audrey_scrap5_Polygon-12,audrey,0.25,67.99,64.41,57.25
audrey_scrap5_Polygon-20,audrey,0.25,70.23,58.69,72.48
audrey_scrap5_Polygon-10,audrey,0.25,41.87,0.00,65.79
audrey_scrap5_Polygon-5,audrey,0.25,75.37,77.97,64.98
audrey_scrap5_Polygon-17,audrey,0.25,68.86,56.81,61.97
audrey_scrap5_Polygon-16,audrey,0.25,73.40,44.04,58.72
audrey_scrap5_Polygon-18,audrey,0.25,85.07,80.75,82.19
audrey_scrap5_Polygon-9,audrey,0.25,85.62,82.70,84.37
audrey_scrap5_Polygon-3,audrey,0.25,62.71,59.58,56.44
audrey_scrap5_Polygon-13,audrey,0.25,70.29,49.20,63.26
audrey_scrap5_Polygon-19,audrey,0.25,69.31,45.05,55.45
audrey_scrap5_Polygon-6,audrey,0.25,66.84,66.84,63.94
audrey_scrap5_Polygon-14,audrey,0.25,67.00,56.42,56.42
audrey_scrap5_Polygon-7,audrey,0.25,74.97,74.97,58.91
audrey_scrap5_Polygon-2,audrey,0.25,55.23,77.33,77.33
audrey_scrap5_Polygon-8,audrey,0.25,72.01,63.37,63.37
audrey_scrap5_Polygon-21,audrey,0.25,62.16,57.83,64.33
audrey_scrap5_Polygon-15,audrey,0.25,80.23,76.79,79.09
audrey_scrap5_Polygon-4,audrey,0.25,58.81,84.54,62.49
audrey_scrap5_Polygon-11,audrey,0.25,66.28,59.65,56.34
audrey_scrap3_Polygon-18,audrey,0.25,71.19,80.09,53.39
audrey_scrap3_Polygon-2,audrey,0.25,82.83,87.19,85.74
audrey_scrap3_Polygon-4,audrey,0.25,46.73,70.10,46.73
audrey_scrap3_Polygon-12,audrey,0.25,54.50,72.66,49.96
audrey_scrap3_Polygon-5,audrey,0.25,83.42,86.03,87.98
audrey_scrap3_Polygon-17,audrey,0.25,59.51,71.91,54.55
audrey_scrap3_Polygon-16,audrey,0.25,67.81,71.28,66.07
audrey_scrap3_Polygon-14,audrey,0.25,37.06,0.00,37.06
audrey_scrap3_Polygon-6,audrey,0.25,67.18,75.57,65.08
audrey_scrap3_Polygon-15,audrey,0.25,68.20,71.61,61.38
audrey_scrap3_Polygon-10,audrey,0.25,85.61,81.53,79.49
audrey_scrap3_Polygon-7,audrey,0.25,51.29,47.34,27.62
audrey_scrap3_Polygon-9,audrey,0.25,70.76,84.91,69.19
audrey_scrap3_Polygon-3,audrey,0.25,80.72,82.79,81.41
audrey_scrap3_Polygon-11,audrey,0.25,74.34,75.89,69.69
audrey_scrap3_Polygon-8,audrey,0.25,83.21,79.25,84.53
audrey_scrap3_Polygon-13,audrey,0.25,59.68,68.21,59.68
audrey_scrap7_Polygon-8,audrey,0.25,68.37,76.92,57.69
audrey_scrap7_Polygon-15,audrey,0.25,68.37,76.92,59.83
audrey_scrap7_Polygon-12,audrey,0.25,64.00,72.01,72.01
audrey_scrap7_Polygon-3,audrey,0.25,70.92,73.14,59.84
audrey_scrap7_Polygon-17,audrey,0.25,65.41,69.77,56.69
audrey_scrap7_Polygon-6,audrey,0.25,68.78,75.23,60.19
audrey_scrap7_Polygon-2,audrey,0.25,68.17,74.56,59.65
audrey_scrap7_Polygon-9,audrey,0.25,70.94,82.76,61.09
audrey_scrap7_Polygon-4,audrey,0.25,65.44,67.56,59.11
audrey_scrap7_Polygon-18,audrey,0.25,64.54,72.61,66.56
audrey_scrap7_Polygon-5,audrey,0.25,63.56,72.04,61.44
audrey_scrap7_Polygon-11,audrey,0.25,65.74,73.96,67.79
audrey_scrap7_Polygon-19,audrey,0.25,69.37,67.13,58.18
audrey_scrap7_Polygon-10,audrey,0.25,66.51,74.82,60.28
audrey_scrap7_Polygon-7,audrey,0.25,68.81,77.42,58.06
audrey_scrap7_Polygon-21,audrey,0.25,60.05,67.56,67.56
audrey_scrap7_Polygon-14,audrey,0.25,68.25,70.45,61.65
audrey_scrap7_Polygon-22,audrey,0.25,64.49,70.35,64.49
audrey_scrap7_Polygon-20,audrey,0.25,62.07,69.82,69.82
audrey_scrap7_Polygon-16,audrey,0.25,69.49,78.17,60.80
audrey_scrap7_Polygon-13,audrey,0.25,66.60,72.85,62.44
audrey_scrap6_Polygon-5,audrey,0.25,86.24,77.01,83.43
audrey_scrap6_Polygon-2,audrey,0.25,89.05,88.28,88.28
audrey_scrap6_Polygon-4,audrey,0.25,87.37,79.04,88.93
audrey_scrap6_Polygon-3,audrey,0.25,90.64,87.15,89.14
audrey_scrap6_Polygon-7,audrey,0.25,85.99,76.43,76.43
audrey_scrap6_Polygon-6,audrey,0.25,64.98,86.64,77.61
oren_scrap2_Polygon-14,oren,0.25,57.32,0.00,28.66
oren_scrap2_Polygon-23,oren,0.25,44.07,66.10,44.07
oren_scrap2_Polygon-13,oren,0.25,56.56,64.64,40.40
oren_scrap2_Polygon-16,oren,0.25,67.56,73.19,56.30
oren_scrap2_Polygon-27,oren,0.25,79.55,79.55,73.87
oren_scrap2_Polygon-20,oren,0.25,45.36,45.36,22.68
oren_scrap2_Polygon-26,oren,0.25,53.84,53.84,44.05
oren_scrap2_Polygon-22,oren,0.25,41.08,41.08,41.08
oren_scrap2_Polygon-2,oren,0.25,74.21,70.84,75.90
oren_scrap2_Polygon-6,oren,0.25,59.95,67.00,63.48
oren_scrap2_Polygon-7,oren,0.25,55.56,37.04,27.78
oren_scrap2_Polygon-10,oren,0.25,84.98,74.44,78.16
oren_scrap2_Polygon-5,oren,0.25,44.00,66.00,44.00
oren_scrap2_Polygon-9,oren,0.25,84.03,76.97,80.18
oren_scrap2_Polygon-3,oren,0.25,69.38,57.81,63.59
oren_scrap2_Polygon-18,oren,0.25,61.62,30.81,30.81
oren_scrap2_Polygon-11,oren,0.25,39.90,39.90,39.90
oren_scrap2_Polygon-21,oren,0.25,52.94,0.00,26.47
oren_scrap2_Polygon-17,oren,0.25,44.37,66.55,44.37
oren_scrap2_Polygon-4,oren,0.25,56.18,56.18,42.14
oren_scrap2_Polygon-19,oren,0.25,68.01,34.01,34.01
oren_scrap2_Polygon-12,oren,0.25,55.65,27.82,27.82
oren_scrap2_Polygon-25,oren,0.25,54.00,39.27,44.18
oren_scrap2_Polygon-15,oren,0.25,63.33,79.16,47.50
oren_scrap2_Polygon-8,oren,0.25,49.12,49.12,49.12
oren_scrap2_Polygon-24,oren,0.25,44.08,35.26,44.08
oren_scrap1_Polygon-2,oren,0.25,62.66,68.93,65.79
oren_scrap1_Polygon-7,oren,0.25,52.28,41.83,52.28
oren_scrap1_Polygon-4,oren,0.25,63.28,56.25,66.80
oren_scrap1_Polygon-9,oren,0.25,95.46,95.46,94.92
oren_scrap1_Polygon-6,oren,0.25,55.34,64.56,36.89
oren_scrap1_Polygon-3,oren,0.25,48.30,72.44,48.30
oren_scrap1_Polygon-5,oren,0.25,38.02,38.02,19.01
oren_scrap1_Polygon-8,oren,0.25,65.35,59.91,54.46
oren_scrap4_Polygon-2,oren,0.25,47.71,23.85,23.85
oren_scrap4_Polygon-7,oren,0.25,70.77,66.05,51.90
oren_scrap4_Polygon-3,oren,0.25,38.17,38.17,38.17
oren_scrap4_Polygon-8,oren,0.25,74.86,76.64,69.51
oren_scrap4_Polygon-9,oren,0.25,80.34,75.32,70.30
oren_scrap4_Polygon-10,oren,0.25,85.01,85.92,85.47
oren_scrap4_Polygon-11,oren,0.25,71.07,63.96,66.33
oren_scrap4_Polygon-5,oren,0.25,67.53,65.03,67.53
oren_scrap4_Polygon-4,oren,0.25,84.77,84.19,81.24
oren_scrap4_Polygon-6,oren,0.25,68.66,72.70,62.60
oren_scrap3_Polygon-18,oren,0.25,66.04,60.04,69.04
oren_scrap3_Polygon-2,oren,0.25,61.90,61.90,45.02
oren_scrap3_Polygon-4,oren,0.25,41.33,41.33,31.00
oren_scrap3_Polygon-12,oren,0.25,84.97,86.60,80.88
oren_scrap3_Polygon-5,oren,0.25,47.73,47.73,28.64
oren_scrap3_Polygon-19,oren,0.25,62.98,72.67,62.98
oren_scrap3_Polygon-17,oren,0.25,68.66,74.15,68.66
oren_scrap3_Polygon-16,oren,0.25,78.66,65.55,65.55
oren_scrap3_Polygon-14,oren,0.25,75.85,79.15,59.36
oren_scrap3_Polygon-20,oren,0.25,65.79,65.79,55.67
oren_scrap3_Polygon-6,oren,0.25,66.22,49.67,33.11
oren_scrap3_Polygon-15,oren,0.25,63.64,74.25,53.04
oren_scrap3_Polygon-10,oren,0.25,61.88,0.00,30.94
oren_scrap3_Polygon-7,oren,0.25,68.82,66.45,64.08
oren_scrap3_Polygon-9,oren,0.25,51.83,51.83,25.91
oren_scrap3_Polygon-3,oren,0.25,57.63,82.85,64.84
oren_scrap3_Polygon-11,oren,0.25,44.11,63.02,50.41
oren_scrap3_Polygon-8,oren,0.25,41.42,62.13,48.32
oren_scrap3_Polygon-13,oren,0.25,68.76,64.18,55.01
oren_scrap5_Polygon-3,oren,0.25,93.94,91.04,90.74
oren_scrap5_Polygon-2,oren,0.25,93.25,91.64,92.58
oren_scrap5_Polygon-4,oren,0.25,81.44,83.46,84.46
fabscrap_scraps7_Polygon-3,fabscrap,0.25,90.09,89.83,91.88
fabscrap_scraps7_Polygon-4,fabscrap,0.25,89.00,95.36,82.64
fabscrap_scraps7_Polygon-2,fabscrap,0.25,77.66,57.83,69.40
fabscrap_scraps8_Polygon-5,fabscrap,0.25,83.85,82.60,82.60
fabscrap_scraps8_Polygon-3,fabscrap,0.25,57.80,38.54,38.54
fabscrap_scraps8_Polygon-2,fabscrap,0.25,87.99,90.95,85.03
fabscrap_scraps8_Polygon-6,fabscrap,0.25,91.48,90.63,88.72
fabscrap_scraps8_Polygon-4,fabscrap,0.25,61.83,41.22,30.92
fabscrap_scraps10_Polygon-6,fabscrap,0.25,59.07,39.38,29.53
fabscrap_scraps10_Polygon-4,fabscrap,0.25,83.05,73.82,55.37
fabscrap_scraps10_Polygon-3,fabscrap,0.25,47.72,71.57,53.68
fabscrap_scraps10_Polygon-10,fabscrap,0.25,84.88,87.55,81.54
fabscrap_scraps10_Polygon-7,fabscrap,0.25,88.55,77.00,77.00
fabscrap_scraps10_Polygon-8,fabscrap,0.25,75.70,69.39,69.39
fabscrap_scraps10_Polygon-9,fabscrap,0.25,49.06,65.41,40.88
fabscrap_scraps10_Polygon-2,fabscrap,0.25,88.81,89.27,87.44
fabscrap_scraps10_Polygon-5,fabscrap,0.25,80.67,71.71,53.78
fabscrap_scraps5_Polygon-7,fabscrap,0.25,50.22,69.05,50.22
fabscrap_scraps5_Polygon-5,fabscrap,0.25,72.58,57.02,67.39
fabscrap_scraps5_Polygon-6,fabscrap,0.25,52.80,70.40,46.93
fabscrap_scraps5_Polygon-8,fabscrap,0.25,87.49,77.77,80.20
fabscrap_scraps5_Polygon-2,fabscrap,0.25,75.92,85.40,75.92
fabscrap_scraps5_Polygon-3,fabscrap,0.25,60.90,60.90,50.75
fabscrap_scraps5_Polygon-9,fabscrap,0.25,85.10,88.64,80.37
fabscrap_scraps5_Polygon-4,fabscrap,0.25,67.76,67.76,62.55
fabscrap_scraps6_Polygon-4,fabscrap,0.25,44.34,66.51,60.97
fabscrap_scraps6_Polygon-3,fabscrap,0.25,56.61,56.61,56.61
fabscrap_scraps6_Polygon-2,fabscrap,0.25,85.54,76.03,71.28
fabscrap_scraps9_Polygon-2,fabscrap,0.25,94.42,94.62,91.44
fabscrap_scraps9_Polygon-3,fabscrap,0.25,87.17,87.42,84.58
fabscrap_scraps9_Polygon-4,fabscrap,0.25,92.30,91.11,89.45
bag1_scrap1_Polygon-2,bag1,0.25,90.80,89.76,88.99
bag1_scrap1_Polygon-4,bag1,0.25,89.40,87.93,88.48
bag1_scrap1_Polygon-3,bag1,0.25,90.09,87.19,86.15
bag1_scrap1_Polygon-5,bag1,0.25,84.66,87.76,79.50
bag1_scrap4_Polygon-2,bag1,0.25,81.11,84.93,79.20
bag1_scrap4_Polygon-7,bag1,0.25,90.23,79.80,85.94
bag1_scrap4_Polygon-3,bag1,0.25,89.19,79.28,82.17
bag1_scrap4_Polygon-5,bag1,0.25,84.21,79.41,82.84
bag1_scrap4_Polygon-4,bag1,0.25,76.83,83.23,77.90
bag1_scrap4_Polygon-6,bag1,0.25,84.48,79.83,77.50
bag1_scrap3_Polygon-2,bag1,0.25,83.63,79.04,80.87
bag1_scrap3_Polygon-4,bag1,0.25,90.38,89.38,90.00
bag1_scrap3_Polygon-5,bag1,0.25,87.73,83.55,84.60
bag1_scrap3_Polygon-3,bag1,0.25,88.25,83.59,86.94
bag1_scrap9_Polygon-5,bag1,0.25,82.94,76.56,80.39
bag1_scrap9_Polygon-4,bag1,0.25,82.99,84.23,85.78
bag1_scrap9_Polygon-3,bag1,0.25,82.43,74.95,81.34
bag1_scrap9_Polygon-2,bag1,0.25,82.86,79.46,83.01
bag1_scrap5_Polygon-5,bag1,0.25,86.27,79.23,82.75
bag1_scrap5_Polygon-3,bag1,0.25,88.49,82.66,87.03
bag1_scrap5_Polygon-6,bag1,0.25,84.97,82.40,84.97
bag1_scrap5_Polygon-7,bag1,0.25,90.64,89.99,90.48
bag1_scrap5_Polygon-2,bag1,0.25,85.80,80.55,86.24
bag1_scrap5_Polygon-4,bag1,0.25,86.09,79.06,81.70
bag1_scrap8_Polygon-3,bag1,0.25,79.43,72.08,81.15
bag1_scrap8_Polygon-4,bag1,0.25,81.85,75.79,84.96
bag1_scrap8_Polygon-2,bag1,0.25,80.39,77.67,81.74
bag1_scrap8_Polygon-5,bag1,0.25,83.63,67.38,87.46
bag1_scrap2_Polygon-2,bag1,0.25,83.12,79.98,82.81
bag1_scrap2_Polygon-6,bag1,0.25,83.51,79.03,81.91
bag1_scrap2_Polygon-5,bag1,0.25,90.83,80.10,82.96
bag1_scrap2_Polygon-3,bag1,0.25,85.21,85.21,85.46
bag1_scrap2_Polygon-4,bag1,0.25,94.06,83.98,82.30
bag1_scrap6_Polygon-5,bag1,0.25,85.70,78.35,84.90
bag1_scrap6_Polygon-2,bag1,0.25,90.35,83.60,86.27
bag1_scrap6_Polygon-4,bag1,0.25,88.88,82.98,86.07
bag1_scrap6_Polygon-3,bag1,0.25,83.63,82.49,81.92
bag1_scrap7_Polygon-3,bag1,0.25,86.86,95.92,89.18
bag1_scrap7_Polygon-6,bag1,0.25,92.67,88.26,84.25
bag1_scrap7_Polygon-2,bag1,0.25,90.21,88.89,85.76
bag1_scrap7_Polygon-4,bag1,0.25,83.10,72.02,76.87
bag1_scrap7_Polygon-5,bag1,0.25,90.16,78.14,81.14
bag1_scrap7_Polygon-7,bag1,0.25,87.26,74.98,86.63
bag1_scrap10_Polygon-3,bag1,0.25,86.34,87.11,84.29
bag1_scrap10_Polygon-4,bag1,0.25,83.85,83.58,85.65
bag1_scrap10_Polygon-2,bag1,0.25,87.85,87.43,87.85
bag4_scrap1_Polygon-2,bag4,0.25,93.89,91.27,91.58
bag4_scrap1_Polygon-4,bag4,0.25,86.20,83.28,79.03
bag4_scrap1_Polygon-3,bag4,0.25,92.16,93.90,90.42
bag4_scrap4_Polygon-2,bag4,0.25,86.57,79.68,85.69
bag4_scrap4_Polygon-3,bag4,0.25,90.83,86.72,89.06
bag4_scrap3_Polygon-2,bag4,0.25,82.57,73.30,77.94
bag4_scrap3_Polygon-4,bag4,0.25,77.60,74.83,77.60
bag4_scrap3_Polygon-12,bag4,0.25,82.36,83.28,79.58
bag4_scrap3_Polygon-5,bag4,0.25,80.90,79.12,80.01
bag4_scrap3_Polygon-14,bag4,0.25,80.03,82.76,79.12
bag4_scrap3_Polygon-6,bag4,0.25,87.29,83.72,87.51
bag4_scrap3_Polygon-10,bag4,0.25,82.32,77.28,78.96
bag4_scrap3_Polygon-7,bag4,0.25,85.41,89.40,86.55
bag4_scrap3_Polygon-9,bag4,0.25,80.95,78.19,79.11
bag4_scrap3_Polygon-3,bag4,0.25,81.48,78.64,76.74
bag4_scrap3_Polygon-11,bag4,0.25,81.71,76.65,79.18
bag4_scrap3_Polygon-8,bag4,0.25,81.44,76.96,80.54
bag4_scrap3_Polygon-13,bag4,0.25,81.33,77.59,78.53
bag4_scrap5_Polygon-5,bag4,0.25,79.48,81.20,80.63
bag4_scrap5_Polygon-3,bag4,0.25,92.98,89.16,91.14
bag4_scrap5_Polygon-2,bag4,0.25,79.49,72.94,81.79
bag4_scrap5_Polygon-4,bag4,0.25,92.75,89.44,86.13
bag4_scrap2_Polygon-2,bag4,0.25,93.89,90.09,92.37
bag4_scrap2_Polygon-3,bag4,0.25,84.91,80.42,84.21
bag4_scrap6_Polygon-5,bag4,0.25,91.43,87.97,83.12
bag4_scrap6_Polygon-2,bag4,0.25,87.47,86.79,91.08
bag4_scrap6_Polygon-4,bag4,0.25,85.41,83.67,83.09
bag4_scrap6_Polygon-3,bag4,0.25,85.62,89.92,83.47
bag4_scrap6_Polygon-7,bag4,0.25,82.82,85.95,80.31
bag4_scrap6_Polygon-6,bag4,0.25,84.22,85.66,77.74
bag4_scrap7_Polygon-3,bag4,0.25,87.91,89.01,85.72
bag4_scrap7_Polygon-2,bag4,0.25,91.93,90.03,90.47
bag4_scrap7_Polygon-4,bag4,0.25,87.25,85.87,84.83
bag4_scrap7_Polygon-5,bag4,0.25,91.56,91.02,91.67
bag4_scrap9_Polygon-3,bag4,0.25,94.29,93.08,88.09
bag4_scrap9_Polygon-2,bag4,0.25,90.00,84.20,88.01
bag4_scrap8_Polygon-2,bag4,0.25,93.90,93.36,93.90
etsybag_scrap10_Polygon-11,etsybag,0.25,70.49,62.66,58.74
etsybag_scrap10_Polygon-22,etsybag,0.25,70.81,62.94,59.01
etsybag_scrap10_Polygon-5,etsybag,0.25,79.09,70.30,65.91
etsybag_scrap10_Polygon-14,etsybag,0.25,75.19,66.83,62.66
etsybag_scrap10_Polygon-19,etsybag,0.25,77.14,68.57,70.71
etsybag_scrap10_Polygon-10,etsybag,0.25,68.42,64.40,56.35
etsybag_scrap10_Polygon-18,etsybag,0.25,77.36,70.73,72.94
etsybag_scrap10_Polygon-9,etsybag,0.25,65.68,70.37,65.68
etsybag_scrap10_Polygon-28,etsybag,0.25,74.10,65.87,61.75
etsybag_scrap10_Polygon-3,etsybag,0.25,69.50,61.78,57.92
etsybag_scrap10_Polygon-24,etsybag,0.25,70.72,66.79,62.86
etsybag_scrap10_Polygon-27,etsybag,0.25,73.47,65.30,61.22
etsybag_scrap10_Polygon-32,etsybag,0.25,65.40,79.03,65.40
etsybag_scrap10_Polygon-17,etsybag,0.25,69.01,61.35,57.51
etsybag_scrap10_Polygon-21,etsybag,0.25,72.61,64.54,60.51
etsybag_scrap10_Polygon-25,etsybag,0.25,71.73,63.76,59.78
etsybag_scrap10_Polygon-15,etsybag,0.25,75.92,67.48,63.26
etsybag_scrap10_Polygon-12,etsybag,0.25,75.74,67.32,63.12
etsybag_scrap10_Polygon-4,etsybag,0.25,68.29,64.50,68.29
etsybag_scrap10_Polygon-2,etsybag,0.25,78.57,69.84,65.47
etsybag_scrap10_Polygon-8,etsybag,0.25,76.28,67.81,63.57
etsybag_scrap10_Polygon-6,etsybag,0.25,77.29,68.70,64.40
etsybag_scrap10_Polygon-30,etsybag,0.25,71.28,62.90,58.70
etsybag_scrap10_Polygon-20,etsybag,0.25,76.78,68.25,63.98
etsybag_scrap10_Polygon-23,etsybag,0.25,71.72,63.75,59.77
etsybag_scrap10_Polygon-7,etsybag,0.25,77.61,68.99,64.67
etsybag_scrap10_Polygon-31,etsybag,0.25,80.14,72.12,72.12
etsybag_scrap10_Polygon-13,etsybag,0.25,76.21,67.75,63.51
etsybag_scrap10_Polygon-16,etsybag,0.25,71.26,63.34,59.38
etsybag_scrap10_Polygon-29,etsybag,0.25,68.76,72.38,65.14
etsybag_scrap10_Polygon-26,etsybag,0.25,76.43,67.94,63.69
etsybag_scrap1_Polygon-2,etsybag,0.25,70.07,62.29,58.39
etsybag_scrap1_Polygon-7,etsybag,0.25,79.63,78.65,78.65
etsybag_scrap1_Polygon-4,etsybag,0.25,68.57,64.54,60.51
etsybag_scrap1_Polygon-6,etsybag,0.25,71.25,63.33,59.37
etsybag_scrap1_Polygon-3,etsybag,0.25,71.39,63.45,65.44
etsybag_scrap1_Polygon-5,etsybag,0.25,74.76,66.45,62.30
etsybag_scrap1_Polygon-8,etsybag,0.25,59.94,51.62,59.94
etsybag_scrap4_Polygon-2,etsybag,0.25,90.06,89.29,89.93
etsybag_scrap4_Polygon-3,etsybag,0.25,85.30,84.83,82.47
etsybag_scrap4_Polygon-5,etsybag,0.25,81.44,75.69,83.90
etsybag_scrap4_Polygon-4,etsybag,0.25,82.02,74.04,84.22
etsybag_scrap7_Polygon-8,etsybag,0.25,86.68,84.16,85.00
etsybag_scrap7_Polygon-3,etsybag,0.25,90.20,80.18,82.68
etsybag_scrap7_Polygon-6,etsybag,0.25,85.03,82.23,82.79
etsybag_scrap7_Polygon-2,etsybag,0.25,77.56,68.94,60.32
etsybag_scrap7_Polygon-4,etsybag,0.25,76.00,83.79,72.10
etsybag_scrap7_Polygon-5,etsybag,0.25,87.21,90.15,86.23
etsybag_scrap7_Polygon-7,etsybag,0.25,87.02,77.90,81.55
etsybag_scrap3_Polygon-2,etsybag,0.25,78.48,54.28,74.81
etsybag_scrap3_Polygon-4,etsybag,0.25,89.83,88.71,82.02
etsybag_scrap3_Polygon-5,etsybag,0.25,82.45,83.95,81.70
etsybag_scrap3_Polygon-6,etsybag,0.25,77.39,80.91,77.39
etsybag_scrap3_Polygon-7,etsybag,0.25,89.71,83.94,85.86
etsybag_scrap3_Polygon-3,etsybag,0.25,87.10,87.10,81.65
etsybag_scrap8_Polygon-6,etsybag,0.25,77.28,87.32,80.29
etsybag_scrap8_Polygon-9,etsybag,0.25,84.09,89.04,81.12
etsybag_scrap8_Polygon-3,etsybag,0.25,82.19,88.06,75.34
etsybag_scrap8_Polygon-7,etsybag,0.25,86.64,87.61,81.77
etsybag_scrap8_Polygon-4,etsybag,0.25,91.98,84.47,78.84
etsybag_scrap8_Polygon-2,etsybag,0.25,92.57,85.01,79.34
etsybag_scrap8_Polygon-10,etsybag,0.25,86.01,88.98,83.05
etsybag_scrap8_Polygon-5,etsybag,0.25,87.15,88.13,82.25
etsybag_scrap8_Polygon-8,etsybag,0.25,90.47,87.56,80.75
etsybag_scrap2_Polygon-2,etsybag,0.25,90.85,89.18,90.85
etsybag_scrap2_Polygon-6,etsybag,0.25,76.50,68.00,63.75
etsybag_scrap2_Polygon-7,etsybag,0.25,74.97,66.64,62.47
etsybag_scrap2_Polygon-5,etsybag,0.25,83.50,89.47,82.51
etsybag_scrap2_Polygon-9,etsybag,0.25,70.34,62.52,58.61
etsybag_scrap2_Polygon-3,etsybag,0.25,83.74,87.64,81.80
etsybag_scrap2_Polygon-4,etsybag,0.25,71.93,89.91,79.92
etsybag_scrap2_Polygon-8,etsybag,0.25,70.64,62.79,58.87
etsybag_scrap5_Polygon-3,etsybag,0.25,84.55,92.91,84.55
etsybag_scrap5_Polygon-2,etsybag,0.25,95.36,94.91,94.00
etsybag_scrap5_Polygon-4,etsybag,0.25,81.17,72.15,74.41
etsybag_scrap6_Polygon-2,etsybag,0.25,90.04,90.22,89.49
etsybag_scrap6_Polygon-4,etsybag,0.25,88.59,84.17,87.57
etsybag_scrap6_Polygon-3,etsybag,0.25,89.45,84.60,86.76
etsybag_scrap9_Polygon-4,etsybag,0.25,77.62,74.25,74.25
etsybag_scrap9_Polygon-3,etsybag,0.25,87.74,84.32,90.30
etsybag_scrap9_Polygon-2,etsybag,0.25,91.14,92.25,92.52
linen_scrap2-3_Polygon6,linen,0.25,80.75,80.75,80.15
linen_scrap2-3_Polygon2,linen,0.25,85.74,89.90,86.26
linen_scrap2-3_Polygon4,linen,0.25,92.37,87.33,86.91
linen_scrap2-3_Polygon3,linen,0.25,85.99,88.37,84.08
linen_scrap2-3_Polygon5,linen,0.25,80.92,78.51,79.71
linen_scrap3-1_Polygon4,linen,0.25,89.20,90.26,81.28
linen_scrap3-1_Polygon6,linen,0.25,87.63,87.00,81.33
linen_scrap3-1_Polygon7,linen,0.25,86.70,91.11,84.25
linen_scrap3-1_Polygon2,linen,0.25,83.72,80.45,82.41
linen_scrap3-1_Polygon8,linen,0.25,89.16,89.67,85.62
linen_scrap3-1_Polygon3,linen,0.25,89.41,89.41,81.21
linen_scrap3-1_Polygon5,linen,0.25,84.68,85.98,85.98
linen_scrap2-2_Polygon9,linen,0.25,81.53,80.66,78.06
linen_scrap2-2_Polygon5,linen,0.25,85.64,88.31,84.97
linen_scrap2-2_Polygon7,linen,0.25,80.77,79.94,78.27
linen_scrap2-2_Polygon8,linen,0.25,82.77,82.77,81.50
linen_scrap2-2_Polygon3,linen,0.25,79.56,82.05,83.91
linen_scrap2-2_Polygon4,linen,0.25,83.36,85.44,81.97
linen_scrap2-2_Polygon6,linen,0.25,83.66,81.96,80.25
linen_scrap2-2_Polygon2,linen,0.25,83.94,86.57,82.63
linen_scrap1-2_Polygon3,linen,0.25,92.37,86.91,83.97
linen_scrap1-2_Polygon4,linen,0.25,86.36,82.44,87.34
linen_scrap1-2_Polygon2,linen,0.25,93.59,82.19,83.61
linen_scrap1-2_Polygon5,linen,0.25,87.87,86.46,87.87
linen_scrap1-1_Polygon4,linen,0.25,89.17,87.22,89.56
linen_scrap1-1_Polygon7,linen,0.25,87.33,86.90,85.59
linen_scrap1-1_Polygon6,linen,0.25,87.88,91.48,87.88
linen_scrap1-1_Polygon2,linen,0.25,84.89,88.99,84.48
linen_scrap1-1_Polygon5,linen,0.25,88.48,87.39,88.48
linen_scrap1-1_Polygon3,linen,0.25,87.27,93.09,88.00
linen_scrap3-2_Polygon4,linen,0.25,78.96,78.96,76.70
linen_scrap3-2_Polygon6,linen,0.25,80.89,76.78,80.89
linen_scrap3-2_Polygon3,linen,0.25,73.30,76.35,71.77
linen_scrap3-2_Polygon5,linen,0.25,76.47,85.64,79.52
linen_scrap3-2_Polygon2,linen,0.25,80.54,68.55,68.55
linen_scrap2-1_Polygon11,linen,0.25,72.33,65.10,72.33
linen_scrap2-1_Polygon10,linen,0.25,85.20,80.71,74.74
linen_scrap2-1_Polygon9,linen,0.25,80.90,84.20,69.34
linen_scrap2-1_Polygon8,linen,0.25,84.11,89.15,75.70
linen_scrap2-1_Polygon5,linen,0.25,62.80,39.25,47.10
linen_scrap2-1_Polygon2,linen,0.25,85.32,87.76,79.23
linen_scrap2-1_Polygon4,linen,0.25,78.45,83.68,81.07
linen_scrap2-1_Polygon6,linen,0.25,77.29,77.29,64.40
linen_scrap2-1_Polygon3,linen,0.25,78.16,84.06,73.74
linen_scrap2-1_Polygon7,linen,0.25,69.80,71.98,76.34
linen_scrap2-1_Polygon12,linen,0.25,82.12,91.98,73.91
etsybag2_scraps1_Polygon-3,etsybag2,0.25,87.34,82.83,86.01
etsybag2_scraps1_Polygon-2,etsybag2,0.25,82.75,91.94,90.41
etsybag2_scraps1_Polygon-5,etsybag2,0.25,82.32,77.28,82.88
etsybag2_scraps1_Polygon-4,etsybag2,0.25,86.68,86.68,86.27
audrey_scrap2_Polygon-14,audrey,0.5,43.01,68.81,51.61
audrey_scrap2_Polygon-13,audrey,0.5,42.25,67.60,50.70
audrey_scrap2_Polygon-16,audrey,0.5,55.75,83.63,73.18
audrey_scrap2_Polygon-2,audrey,0.5,75.23,50.16,66.87
audrey_scrap2_Polygon-6,audrey,0.5,65.75,65.75,32.87
audrey_scrap2_Polygon-7,audrey,0.5,73.28,50.45,69.68
audrey_scrap2_Polygon-10,audrey,0.5,44.06,70.50,52.88
audrey_scrap2_Polygon-5,audrey,0.5,38.28,38.28,19.14
audrey_scrap2_Polygon-9,audrey,0.5,44.64,66.96,49.11
audrey_scrap2_Polygon-3,audrey,0.5,40.52,0.00,0.00
audrey_scrap2_Polygon-18,audrey,0.5,51.91,60.57,43.26
audrey_scrap2_Polygon-11,audrey,0.5,44.03,70.45,52.84
audrey_scrap2_Polygon-17,audrey,0.5,52.07,0.00,52.07
audrey_scrap2_Polygon-4,audrey,0.5,65.67,0.00,43.78
audrey_scrap2_Polygon-12,audrey,0.5,43.99,70.38,52.78
audrey_scrap2_Polygon-15,audrey,0.5,56.97,85.45,60.53
audrey_scrap2_Polygon-8,audrey,0.5,57.16,76.81,53.59
audrey_scrap4_Polygon-25,audrey,0.5,74.90,74.90,71.78
audrey_scrap4_Polygon-2,audrey,0.5,58.05,44.65,31.26
audrey_scrap4_Polygon-7,audrey,0.5,49.77,79.63,49.77
audrey_scrap4_Polygon-23,audrey,0.5,40.58,54.11,54.11
audrey_scrap4_Polygon-3,audrey,0.5,63.98,79.97,74.64
audrey_scrap4_Polygon-24,audrey,0.5,54.20,81.30,43.36
audrey_scrap4_Polygon-14,audrey,0.5,39.96,79.91,39.96
audrey_scrap4_Polygon-8,audrey,0.5,46.42,69.62,51.06
audrey_scrap4_Polygon-18,audrey,0.5,56.59,64.68,48.51
audrey_scrap4_Polygon-26,audrey,0.5,80.59,64.47,32.24
audrey_scrap4_Polygon-20,audrey,0.5,38.42,61.47,46.10
audrey_scrap4_Polygon-17,audrey,0.5,64.35,42.90,32.18
audrey_scrap4_Polygon-13,audrey,0.5,56.63,37.75,37.75
audrey_scrap4_Polygon-9,audrey,0.5,37.73,75.45,37.73
audrey_scrap4_Polygon-10,audrey,0.5,40.58,50.73,40.58
audrey_scrap4_Polygon-12,audrey,0.5,52.22,41.77,31.33
audrey_scrap4_Polygon-11,audrey,0.5,46.29,74.07,55.55
audrey_scrap4_Polygon-16,audrey,0.5,32.28,64.57,48.43
audrey_scrap4_Polygon-19,audrey,0.5,56.09,37.39,37.39
audrey_scrap4_Polygon-5,audrey,0.5,66.31,74.59,58.02
audrey_scrap4_Polygon-22,audrey,0.5,43.82,65.74,54.78
audrey_scrap4_Polygon-27,audrey,0.5,67.37,67.37,50.53
audrey_scrap4_Polygon-21,audrey,0.5,36.77,73.53,55.15
audrey_scrap4_Polygon-15,audrey,0.5,39.90,19.95,39.90
audrey_scrap4_Polygon-28,audrey,0.5,60.18,70.21,60.18
audrey_scrap4_Polygon-4,audrey,0.5,62.71,68.41,66.51
audrey_scrap4_Polygon-6,audrey,0.5,85.05,75.60,70.88
audrey_scrap1_Polygon-2,audrey,0.5,47.88,76.61,52.67
audrey_scrap1_Polygon-11,audrey,0.5,48.15,64.20,52.16
audrey_scrap1_Polygon-7,audrey,0.5,77.11,68.55,64.26
audrey_scrap1_Polygon-14,audrey,0.5,64.37,58.77,71.36
audrey_scrap1_Polygon-4,audrey,0.5,37.73,75.46,50.31
audrey_scrap1_Polygon-15,audrey,0.5,63.39,46.91,62.12
audrey_scrap1_Polygon-10,audrey,0.5,46.50,46.50,23.25
audrey_scrap1_Polygon-9,audrey,0.5,49.83,61.69,78.30
audrey_scrap1_Polygon-12,audrey,0.5,0.00,35.75,0.00
audrey_scrap1_Polygon-6,audrey,0.5,57.07,71.33,38.04
audrey_scrap1_Polygon-3,audrey,0.5,84.58,63.44,59.91
audrey_scrap1_Polygon-5,audrey,0.5,37.50,74.99,50.00
audrey_scrap1_Polygon-13,audrey,0.5,48.60,72.90,48.60
audrey_scrap1_Polygon-8,audrey,0.5,91.13,86.85,83.79
audrey_scrap5_Polygon-12,audrey,0.5,42.94,57.25,42.94
audrey_scrap5_Polygon-20,audrey,0.5,61.58,40.41,62.86
audrey_scrap5_Polygon-10,audrey,0.5,0.00,0.00,0.00
audrey_scrap5_Polygon-5,audrey,0.5,62.38,62.38,57.18
audrey_scrap5_Polygon-17,audrey,0.5,48.20,61.97,44.76
audrey_scrap5_Polygon-16,audrey,0.5,44.04,58.72,36.70
audrey_scrap5_Polygon-18,audrey,0.5,80.75,51.91,74.98
audrey_scrap5_Polygon-9,audrey,0.5,78.52,75.18,77.68
audrey_scrap5_Polygon-3,audrey,0.5,50.17,62.71,50.17
audrey_scrap5_Polygon-13,audrey,0.5,42.17,56.23,42.17
audrey_scrap5_Polygon-19,audrey,0.5,41.59,55.45,41.59
audrey_scrap5_Polygon-6,audrey,0.5,69.75,58.13,52.31
audrey_scrap5_Polygon-14,audrey,0.5,42.31,56.42,42.31
audrey_scrap5_Polygon-7,audrey,0.5,58.91,53.55,53.55
audrey_scrap5_Polygon-2,audrey,0.5,44.19,55.23,66.28
audrey_scrap5_Polygon-8,audrey,0.5,63.37,57.61,46.09
audrey_scrap5_Polygon-21,audrey,0.5,59.27,40.48,53.49
audrey_scrap5_Polygon-15,audrey,0.5,80.23,55.02,71.06
audrey_scrap5_Polygon-4,audrey,0.5,51.46,58.81,66.16
audrey_scrap5_Polygon-11,audrey,0.5,39.77,53.03,39.77
audrey_scrap3_Polygon-18,audrey,0.5,44.49,71.19,53.39
audrey_scrap3_Polygon-2,audrey,0.5,72.66,81.38,78.47
audrey_scrap3_Polygon-4,audrey,0.5,46.73,46.73,46.73
audrey_scrap3_Polygon-12,audrey,0.5,63.58,45.41,45.41
audrey_scrap3_Polygon-5,audrey,0.5,87.33,83.42,78.21
audrey_scrap3_Polygon-17,audrey,0.5,39.67,54.55,39.67
audrey_scrap3_Polygon-16,audrey,0.5,55.64,62.59,52.16
audrey_scrap3_Polygon-14,audrey,0.5,0.00,0.00,0.00
audrey_scrap3_Polygon-6,audrey,0.5,41.98,67.18,50.38
audrey_scrap3_Polygon-15,audrey,0.5,61.38,61.38,51.15
audrey_scrap3_Polygon-10,audrey,0.5,81.53,72.02,76.10
audrey_scrap3_Polygon-7,audrey,0.5,15.78,55.23,0.00
audrey_scrap3_Polygon-9,audrey,0.5,66.04,75.48,56.61
audrey_scrap3_Polygon-3,audrey,0.5,82.79,77.27,74.51
audrey_scrap3_Polygon-11,audrey,0.5,58.85,74.34,68.14
audrey_scrap3_Polygon-8,audrey,0.5,79.25,84.53,72.65
audrey_scrap3_Polygon-13,audrey,0.5,51.15,42.63,34.10
audrey_scrap7_Polygon-8,audrey,0.5,42.73,68.37,51.28
audrey_scrap7_Polygon-15,audrey,0.5,42.73,68.37,51.28
audrey_scrap7_Polygon-12,audrey,0.5,96.01,64.00,48.00
audrey_scrap7_Polygon-3,audrey,0.5,44.33,70.92,48.76
audrey_scrap7_Polygon-17,audrey,0.5,47.97,65.41,47.97
audrey_scrap7_Polygon-6,audrey,0.5,42.99,68.78,51.59
audrey_scrap7_Polygon-2,audrey,0.5,42.61,63.91,51.13
audrey_scrap7_Polygon-9,audrey,0.5,47.29,78.82,55.17
audrey_scrap7_Polygon-4,audrey,0.5,46.44,59.11,46.44
audrey_scrap7_Polygon-18,audrey,0.5,40.34,64.54,48.41
audrey_scrap7_Polygon-5,audrey,0.5,42.37,63.56,46.61
audrey_scrap7_Polygon-11,audrey,0.5,49.30,65.74,49.30
audrey_scrap7_Polygon-19,audrey,0.5,49.23,62.65,44.75
audrey_scrap7_Polygon-10,audrey,0.5,49.88,66.51,49.88
audrey_scrap7_Polygon-7,audrey,0.5,43.01,68.81,51.61
audrey_scrap7_Polygon-21,audrey,0.5,78.82,60.05,45.04
audrey_scrap7_Polygon-14,audrey,0.5,48.44,66.05,48.44
audrey_scrap7_Polygon-22,audrey,0.5,54.72,62.54,46.90
audrey_scrap7_Polygon-20,audrey,0.5,46.55,62.07,46.55
audrey_scrap7_Polygon-16,audrey,0.5,47.77,69.49,52.11
audrey_scrap7_Polygon-13,audrey,0.5,49.95,66.60,49.95
audrey_scrap6_Polygon-5,audrey,0.5,83.43,81.83,73.81
audrey_scrap6_Polygon-2,audrey,0.5,84.79,83.63,83.25
audrey_scrap6_Polygon-4,audrey,0.5,83.20,81.12,74.88
audrey_scrap6_Polygon-3,audrey,0.5,85.78,79.29,85.28
audrey_scrap6_Polygon-7,audrey,0.5,76.43,50.96,70.06
audrey_scrap6_Polygon-6,audrey,0.5,43.32,57.76,79.42
oren_scrap2_Polygon-14,oren,0.5,0.00,0.00,0.00
oren_scrap2_Polygon-23,oren,0.5,44.07,0.00,58.76
oren_scrap2_Polygon-13,oren,0.5,32.32,32.32,16.16
oren_scrap2_Polygon-16,oren,0.5,11.26,0.00,56.30
oren_scrap2_Polygon-27,oren,0.5,73.87,73.87,65.34
oren_scrap2_Polygon-20,oren,0.5,0.00,0.00,0.00
oren_scrap2_Polygon-26,oren,0.5,48.95,39.16,29.37
oren_scrap2_Polygon-22,oren,0.5,20.54,20.54,41.08
oren_scrap2_Polygon-2,oren,0.5,77.58,67.46,60.72
oren_scrap2_Polygon-6,oren,0.5,63.48,49.37,49.37
oren_scrap2_Polygon-7,oren,0.5,0.00,55.56,0.00
oren_scrap2_Polygon-10,oren,0.5,79.40,52.11,71.96
oren_scrap2_Polygon-5,oren,0.5,44.00,22.00,44.00
oren_scrap2_Polygon-9,oren,0.5,78.25,53.88,74.41
oren_scrap2_Polygon-3,oren,0.5,46.25,57.81,46.25
oren_scrap2_Polygon-18,oren,0.5,0.00,30.81,0.00
oren_scrap2_Polygon-11,oren,0.5,0.00,0.00,39.90
oren_scrap2_Polygon-21,oren,0.5,0.00,0.00,0.00
oren_scrap2_Polygon-17,oren,0.5,66.55,0.00,55.46
oren_scrap2_Polygon-4,oren,0.5,56.18,0.00,28.09
oren_scrap2_Polygon-19,oren,0.5,0.00,68.01,0.00
oren_scrap2_Polygon-12,oren,0.5,0.00,55.65,0.00
oren_scrap2_Polygon-25,oren,0.5,39.27,39.27,29.46
oren_scrap2_Polygon-15,oren,0.5,0.00,0.00,31.66
oren_scrap2_Polygon-8,oren,0.5,28.07,42.10,28.07
oren_scrap2_Polygon-24,oren,0.5,35.26,17.63,35.26
oren_scrap1_Polygon-2,oren,0.5,50.13,62.66,50.13
oren_scrap1_Polygon-7,oren,0.5,20.91,41.83,20.91
oren_scrap1_Polygon-4,oren,0.5,56.25,70.31,42.19
oren_scrap1_Polygon-9,oren,0.5,91.93,91.84,94.19
oren_scrap1_Polygon-6,oren,0.5,73.78,36.89,18.45
oren_scrap1_Polygon-3,oren,0.5,24.15,48.30,24.15
oren_scrap1_Polygon-5,oren,0.5,0.00,0.00,0.00
oren_scrap1_Polygon-8,oren,0.5,43.57,43.57,43.57
oren_scrap4_Polygon-2,oren,0.5,0.00,0.00,0.00
oren_scrap4_Polygon-7,oren,0.5,56.62,56.62,47.18
oren_scrap4_Polygon-3,oren,0.5,0.00,0.00,0.00
oren_scrap4_Polygon-8,oren,0.5,74.86,67.73,60.60
oren_scrap4_Polygon-9,oren,0.5,60.26,70.30,55.23
oren_scrap4_Polygon-10,oren,0.5,82.27,80.44,80.44
oren_scrap4_Polygon-11,oren,0.5,61.59,47.38,61.59
oren_scrap4_Polygon-5,oren,0.5,60.03,60.03,50.02
oren_scrap4_Polygon-4,oren,0.5,76.53,73.00,78.89
oren_scrap4_Polygon-6,oren,0.5,56.54,64.62,44.43
oren_scrap3_Polygon-18,oren,0.5,66.04,60.04,54.03
oren_scrap3_Polygon-2,oren,0.5,45.02,45.02,33.76
oren_scrap3_Polygon-4,oren,0.5,0.00,41.33,0.00
oren_scrap3_Polygon-12,oren,0.5,63.73,80.07,76.80
oren_scrap3_Polygon-5,oren,0.5,0.00,57.27,0.00
oren_scrap3_Polygon-19,oren,0.5,48.45,58.14,29.07
oren_scrap3_Polygon-17,oren,0.5,71.41,71.41,54.93
oren_scrap3_Polygon-16,oren,0.5,58.99,45.88,52.44
oren_scrap3_Polygon-14,oren,0.5,79.15,59.36,59.36
oren_scrap3_Polygon-20,oren,0.5,40.48,70.85,50.61
oren_scrap3_Polygon-6,oren,0.5,0.00,66.22,0.00
oren_scrap3_Polygon-15,oren,0.5,53.04,53.04,53.04
oren_scrap3_Polygon-10,oren,0.5,0.00,0.00,0.00
oren_scrap3_Polygon-7,oren,0.5,56.96,66.45,56.96
oren_scrap3_Polygon-9,oren,0.5,0.00,0.00,0.00
oren_scrap3_Polygon-3,oren,0.5,64.84,57.63,64.84
oren_scrap3_Polygon-11,oren,0.5,50.41,50.41,25.21
oren_scrap3_Polygon-8,oren,0.5,41.42,41.42,27.61
oren_scrap3_Polygon-13,oren,0.5,73.34,55.01,45.84
oren_scrap5_Polygon-3,oren,0.5,89.73,89.73,88.28
oren_scrap5_Polygon-2,oren,0.5,85.75,86.82,89.23
oren_scrap5_Polygon-4,oren,0.5,76.42,76.42,78.43
fabscrap_scraps7_Polygon-3,fabscrap,0.5,85.48,89.58,85.99
fabscrap_scraps7_Polygon-4,fabscrap,0.5,79.47,89.00,85.82
fabscrap_scraps7_Polygon-2,fabscrap,0.5,66.10,52.88,59.49
fabscrap_scraps8_Polygon-5,fabscrap,0.5,88.86,77.59,75.09
fabscrap_scraps8_Polygon-3,fabscrap,0.5,38.54,38.54,19.27
fabscrap_scraps8_Polygon-2,fabscrap,0.5,83.76,87.14,82.91
fabscrap_scraps8_Polygon-6,fabscrap,0.5,91.05,89.78,86.82
fabscrap_scraps8_Polygon-4,fabscrap,0.5,0.00,41.22,0.00
fabscrap_scraps10_Polygon-6,fabscrap,0.5,0.00,39.38,0.00
fabscrap_scraps10_Polygon-4,fabscrap,0.5,73.82,36.91,55.37
fabscrap_scraps10_Polygon-3,fabscrap,0.5,35.79,47.72,35.79
fabscrap_scraps10_Polygon-10,fabscrap,0.5,77.53,80.20,78.86
fabscrap_scraps10_Polygon-7,fabscrap,0.5,77.00,74.44,64.17
fabscrap_scraps10_Polygon-8,fabscrap,0.5,66.24,44.16,63.08
fabscrap_scraps10_Polygon-9,fabscrap,0.5,0.00,0.00,49.06
fabscrap_scraps10_Polygon-2,fabscrap,0.5,85.39,86.76,83.11
fabscrap_scraps10_Polygon-5,fabscrap,0.5,71.71,35.85,53.78
fabscrap_scraps5_Polygon-7,fabscrap,0.5,25.11,50.22,25.11
fabscrap_scraps5_Polygon-5,fabscrap,0.5,41.47,41.47,41.47
fabscrap_scraps5_Polygon-6,fabscrap,0.5,46.93,46.93,23.47
fabscrap_scraps5_Polygon-8,fabscrap,0.5,77.77,76.15,68.05
fabscrap_scraps5_Polygon-2,fabscrap,0.5,75.92,75.92,75.92
fabscrap_scraps5_Polygon-3,fabscrap,0.5,40.60,60.90,30.45
fabscrap_scraps5_Polygon-9,fabscrap,0.5,59.09,85.10,80.37
fabscrap_scraps5_Polygon-4,fabscrap,0.5,72.97,41.70,52.12
fabscrap_scraps6_Polygon-4,fabscrap,0.5,22.17,44.34,44.34
fabscrap_scraps6_Polygon-3,fabscrap,0.5,37.74,37.74,37.74
fabscrap_scraps6_Polygon-2,fabscrap,0.5,76.03,38.02,57.02
fabscrap_scraps9_Polygon-2,fabscrap,0.5,93.03,95.42,89.06
fabscrap_scraps9_Polygon-3,fabscrap,0.5,81.73,84.84,78.11
fabscrap_scraps9_Polygon-4,fabscrap,0.5,85.42,90.64,87.31
bag1_scrap1_Polygon-2,bag1,0.5,83.06,82.54,86.67
bag1_scrap1_Polygon-4,bag1,0.5,89.96,80.37,84.06
bag1_scrap1_Polygon-3,bag1,0.5,87.60,75.56,85.11
bag1_scrap1_Polygon-5,bag1,0.5,81.91,81.22,79.84
bag1_scrap4_Polygon-2,bag1,0.5,78.25,82.07,72.53
bag1_scrap4_Polygon-7,bag1,0.5,84.40,84.40,78.57
bag1_scrap4_Polygon-3,bag1,0.5,85.88,84.23,75.97
bag1_scrap4_Polygon-5,bag1,0.5,82.15,86.26,73.94
bag1_scrap4_Polygon-4,bag1,0.5,68.29,76.83,66.16
bag1_scrap4_Polygon-6,bag1,0.5,75.95,68.20,72.85
bag1_scrap3_Polygon-2,bag1,0.5,73.52,77.20,68.01
bag1_scrap3_Polygon-4,bag1,0.5,86.13,82.89,86.13
bag1_scrap3_Polygon-5,bag1,0.5,75.20,86.69,73.11
bag1_scrap3_Polygon-3,bag1,0.5,84.90,81.92,84.90
bag1_scrap9_Polygon-5,bag1,0.5,79.11,52.74,74.86
bag1_scrap9_Polygon-4,bag1,0.5,77.08,76.46,81.43
bag1_scrap9_Polygon-3,bag1,0.5,74.79,67.94,75.73
bag1_scrap9_Polygon-2,bag1,0.5,75.17,69.25,77.83
bag1_scrap5_Polygon-5,bag1,0.5,88.03,79.23,70.42
bag1_scrap5_Polygon-3,bag1,0.5,87.52,78.77,77.80
bag1_scrap5_Polygon-6,bag1,0.5,72.10,92.70,72.10
bag1_scrap5_Polygon-7,bag1,0.5,89.02,84.17,87.40
bag1_scrap5_Polygon-2,bag1,0.5,86.68,88.43,77.05
bag1_scrap5_Polygon-4,bag1,0.5,87.85,75.55,70.28
bag1_scrap8_Polygon-3,bag1,0.5,74.12,64.42,74.12
bag1_scrap8_Polygon-4,bag1,0.5,75.48,65.23,74.55
bag1_scrap8_Polygon-2,bag1,0.5,70.61,79.84,76.04
bag1_scrap8_Polygon-5,bag1,0.5,80.34,64.27,81.07
bag1_scrap2_Polygon-2,bag1,0.5,75.25,67.38,78.09
bag1_scrap2_Polygon-6,bag1,0.5,74.23,66.55,76.79
bag1_scrap2_Polygon-5,bag1,0.5,81.53,85.82,74.38
bag1_scrap2_Polygon-3,bag1,0.5,79.36,76.31,81.90
bag1_scrap2_Polygon-4,bag1,0.5,83.98,73.90,78.38
bag1_scrap6_Polygon-5,bag1,0.5,86.76,86.50,80.09
bag1_scrap6_Polygon-2,bag1,0.5,85.33,84.70,77.80
bag1_scrap6_Polygon-4,bag1,0.5,85.51,87.19,80.44
bag1_scrap6_Polygon-3,bag1,0.5,78.51,81.92,75.10
bag1_scrap7_Polygon-3,bag1,0.5,89.18,89.18,81.75
bag1_scrap7_Polygon-6,bag1,0.5,82.64,72.21,84.25
bag1_scrap7_Polygon-2,bag1,0.5,81.80,83.12,89.39
bag1_scrap7_Polygon-4,bag1,0.5,77.56,49.86,69.25
bag1_scrap7_Polygon-5,bag1,0.5,84.15,81.14,72.13
bag1_scrap7_Polygon-7,bag1,0.5,79.39,70.57,73.09
bag1_scrap10_Polygon-3,bag1,0.5,83.26,80.69,82.74
bag1_scrap10_Polygon-4,bag1,0.5,79.44,73.37,80.54
bag1_scrap10_Polygon-2,bag1,0.5,84.47,87.85,84.90
bag4_scrap1_Polygon-2,bag4,0.5,87.28,92.50,87.89
bag4_scrap1_Polygon-4,bag4,0.5,84.34,81.69,77.97
bag4_scrap1_Polygon-3,bag4,0.5,91.00,90.61,87.90
bag4_scrap4_Polygon-2,bag4,0.5,80.92,73.14,81.62
bag4_scrap4_Polygon-3,bag4,0.5,89.71,79.62,85.41
bag4_scrap3_Polygon-2,bag4,0.5,74.22,66.80,70.51
bag4_scrap3_Polygon-4,bag4,0.5,70.21,72.06,72.06
bag4_scrap3_Polygon-12,bag4,0.5,72.18,70.33,77.73
bag4_scrap3_Polygon-5,bag4,0.5,74.67,72.90,71.12
bag4_scrap3_Polygon-14,bag4,0.5,70.94,78.21,70.94
bag4_scrap3_Polygon-6,bag4,0.5,83.83,77.59,82.72
bag4_scrap3_Polygon-10,bag4,0.5,84.00,77.28,70.56
bag4_scrap3_Polygon-7,bag4,0.5,78.58,82.00,87.69
bag4_scrap3_Polygon-9,bag4,0.5,69.91,68.08,71.75
bag4_scrap3_Polygon-3,bag4,0.5,73.90,66.32,70.11
bag4_scrap3_Polygon-11,bag4,0.5,82.55,74.12,70.76
bag4_scrap3_Polygon-8,bag4,0.5,76.96,76.96,71.59
bag4_scrap3_Polygon-13,bag4,0.5,67.31,71.05,67.31
bag4_scrap5_Polygon-5,bag4,0.5,78.32,80.63,71.41
bag4_scrap5_Polygon-3,bag4,0.5,90.35,91.14,87.19
bag4_scrap5_Polygon-2,bag4,0.5,75.77,64.09,74.71
bag4_scrap5_Polygon-4,bag4,0.5,70.67,79.50,79.50
bag4_scrap2_Polygon-2,bag4,0.5,93.23,87.91,87.15
bag4_scrap2_Polygon-3,bag4,0.5,80.00,72.42,79.16
bag4_scrap6_Polygon-5,bag4,0.5,81.73,83.12,76.19
bag4_scrap6_Polygon-2,bag4,0.5,92.21,81.37,85.43
bag4_scrap6_Polygon-4,bag4,0.5,85.99,83.67,74.37
bag4_scrap6_Polygon-3,bag4,0.5,77.45,82.61,85.19
bag4_scrap6_Polygon-7,bag4,0.5,75.29,81.56,77.80
bag4_scrap6_Polygon-6,bag4,0.5,80.62,71.98,73.42
bag4_scrap7_Polygon-3,bag4,0.5,81.87,85.17,84.07
bag4_scrap7_Polygon-2,bag4,0.5,88.13,88.43,87.26
bag4_scrap7_Polygon-4,bag4,0.5,82.77,86.90,82.08
bag4_scrap7_Polygon-5,bag4,0.5,87.40,84.77,88.50
bag4_scrap9_Polygon-3,bag4,0.5,82.73,87.60,91.49
bag4_scrap9_Polygon-2,bag4,0.5,87.18,80.88,84.53
bag4_scrap8_Polygon-2,bag4,0.5,91.24,94.39,91.83
etsybag_scrap10_Polygon-11,etsybag,0.5,62.66,47.00,47.00
etsybag_scrap10_Polygon-22,etsybag,0.5,62.94,47.21,47.21
etsybag_scrap10_Polygon-5,etsybag,0.5,70.30,52.73,52.73
etsybag_scrap10_Polygon-14,etsybag,0.5,66.83,50.12,50.12
etsybag_scrap10_Polygon-19,etsybag,0.5,68.57,51.42,60.00
etsybag_scrap10_Polygon-10,etsybag,0.5,64.40,40.25,48.30
etsybag_scrap10_Polygon-18,etsybag,0.5,70.73,53.05,61.89
etsybag_scrap10_Polygon-9,etsybag,0.5,65.68,46.92,46.92
etsybag_scrap10_Polygon-28,etsybag,0.5,65.87,49.40,49.40
etsybag_scrap10_Polygon-3,etsybag,0.5,61.78,46.34,46.34
etsybag_scrap10_Polygon-24,etsybag,0.5,62.86,47.15,47.15
etsybag_scrap10_Polygon-27,etsybag,0.5,65.30,48.98,48.98
etsybag_scrap10_Polygon-32,etsybag,0.5,65.40,65.40,65.40
etsybag_scrap10_Polygon-17,etsybag,0.5,61.35,46.01,46.01
etsybag_scrap10_Polygon-21,etsybag,0.5,64.54,48.41,48.41
etsybag_scrap10_Polygon-25,etsybag,0.5,63.76,47.82,47.82
etsybag_scrap10_Polygon-15,etsybag,0.5,67.48,50.61,50.61
etsybag_scrap10_Polygon-12,etsybag,0.5,67.32,50.49,50.49
etsybag_scrap10_Polygon-4,etsybag,0.5,60.70,45.53,45.53
etsybag_scrap10_Polygon-2,etsybag,0.5,69.84,52.38,52.38
etsybag_scrap10_Polygon-8,etsybag,0.5,67.81,42.38,50.86
etsybag_scrap10_Polygon-6,etsybag,0.5,68.70,51.52,51.52
etsybag_scrap10_Polygon-30,etsybag,0.5,67.09,41.93,41.93
etsybag_scrap10_Polygon-20,etsybag,0.5,68.25,51.19,51.19
etsybag_scrap10_Polygon-23,etsybag,0.5,63.75,47.81,47.81
etsybag_scrap10_Polygon-7,etsybag,0.5,68.99,51.74,51.74
etsybag_scrap10_Polygon-31,etsybag,0.5,58.77,74.79,64.11
etsybag_scrap10_Polygon-13,etsybag,0.5,67.75,42.34,50.81
etsybag_scrap10_Polygon-16,etsybag,0.5,63.34,47.51,47.51
etsybag_scrap10_Polygon-29,etsybag,0.5,57.91,43.43,57.91
etsybag_scrap10_Polygon-26,etsybag,0.5,67.94,50.96,50.96
etsybag_scrap1_Polygon-2,etsybag,0.5,62.29,46.71,46.71
etsybag_scrap1_Polygon-7,etsybag,0.5,78.65,82.58,70.78
etsybag_scrap1_Polygon-4,etsybag,0.5,64.54,48.40,48.40
etsybag_scrap1_Polygon-6,etsybag,0.5,63.33,47.50,47.50
etsybag_scrap1_Polygon-3,etsybag,0.5,63.45,47.59,55.52
etsybag_scrap1_Polygon-5,etsybag,0.5,66.45,49.84,49.84
etsybag_scrap1_Polygon-8,etsybag,0.5,49.95,23.31,46.62
etsybag_scrap4_Polygon-2,etsybag,0.5,88.40,85.06,87.11
etsybag_scrap4_Polygon-3,etsybag,0.5,82.00,84.83,76.34
etsybag_scrap4_Polygon-5,etsybag,0.5,78.81,68.96,77.50
etsybag_scrap4_Polygon-4,etsybag,0.5,77.77,70.30,80.15
etsybag_scrap7_Polygon-8,etsybag,0.5,84.58,77.04,78.72
etsybag_scrap7_Polygon-3,etsybag,0.5,80.18,82.68,75.16
etsybag_scrap7_Polygon-6,etsybag,0.5,80.55,79.44,79.44
etsybag_scrap7_Polygon-2,etsybag,0.5,68.94,34.47,51.71
etsybag_scrap7_Polygon-4,etsybag,0.5,62.36,70.15,66.26
etsybag_scrap7_Polygon-5,etsybag,0.5,88.19,86.23,79.70
etsybag_scrap7_Polygon-7,etsybag,0.5,77.90,80.33,73.03
etsybag_scrap3_Polygon-2,etsybag,0.5,55.74,76.28,52.81
etsybag_scrap3_Polygon-4,etsybag,0.5,78.11,77.00,79.23
etsybag_scrap3_Polygon-5,etsybag,0.5,76.46,76.46,76.46
etsybag_scrap3_Polygon-6,etsybag,0.5,70.36,68.01,72.70
etsybag_scrap3_Polygon-7,etsybag,0.5,88.43,80.74,80.10
etsybag_scrap3_Polygon-3,etsybag,0.5,72.58,85.89,79.84
etsybag_scrap8_Polygon-6,etsybag,0.5,64.23,72.26,78.29
etsybag_scrap8_Polygon-9,etsybag,0.5,63.32,71.23,79.15
etsybag_scrap8_Polygon-3,etsybag,0.5,64.58,70.45,78.28
etsybag_scrap8_Polygon-7,etsybag,0.5,62.30,70.09,77.88
etsybag_scrap8_Polygon-4,etsybag,0.5,93.86,67.58,75.08
etsybag_scrap8_Polygon-2,etsybag,0.5,66.12,68.01,75.57
etsybag_scrap8_Polygon-10,etsybag,0.5,81.07,71.18,79.09
etsybag_scrap8_Polygon-5,etsybag,0.5,80.29,70.50,78.33
etsybag_scrap8_Polygon-8,etsybag,0.5,64.21,70.04,77.83
etsybag_scrap2_Polygon-2,etsybag,0.5,90.13,85.84,83.45
etsybag_scrap2_Polygon-6,etsybag,0.5,68.00,51.00,51.00
etsybag_scrap2_Polygon-7,etsybag,0.5,66.64,49.98,49.98
etsybag_scrap2_Polygon-5,etsybag,0.5,63.62,71.57,79.53
etsybag_scrap2_Polygon-9,etsybag,0.5,62.52,46.89,46.89
etsybag_scrap2_Polygon-3,etsybag,0.5,75.95,70.11,77.90
etsybag_scrap2_Polygon-4,etsybag,0.5,63.94,71.93,79.92
etsybag_scrap2_Polygon-8,etsybag,0.5,62.79,47.09,47.09
etsybag_scrap5_Polygon-3,etsybag,0.5,83.62,91.05,83.62
etsybag_scrap5_Polygon-2,etsybag,0.5,93.10,94.00,92.45
etsybag_scrap5_Polygon-4,etsybag,0.5,72.15,81.17,65.39
etsybag_scrap6_Polygon-2,etsybag,0.5,87.65,88.38,86.54
etsybag_scrap6_Polygon-4,etsybag,0.5,85.07,76.45,84.39
etsybag_scrap6_Polygon-3,etsybag,0.5,88.37,85.68,82.45
etsybag_scrap9_Polygon-4,etsybag,0.5,74.25,60.75,60.75
etsybag_scrap9_Polygon-3,etsybag,0.5,85.46,81.47,79.76
etsybag_scrap9_Polygon-2,etsybag,0.5,88.80,85.49,91.01
linen_scrap2-3_Polygon6,linen,0.5,81.96,74.72,72.31
linen_scrap2-3_Polygon2,linen,0.5,77.95,88.34,83.14
linen_scrap2-3_Polygon4,linen,0.5,92.37,90.69,80.61
linen_scrap2-3_Polygon3,linen,0.5,80.25,76.43,79.30
linen_scrap2-3_Polygon5,linen,0.5,77.30,72.47,74.88
linen_scrap3-1_Polygon4,linen,0.5,73.89,74.95,82.34
linen_scrap3-1_Polygon6,linen,0.5,80.70,73.13,75.65
linen_scrap3-1_Polygon7,linen,0.5,82.30,78.38,79.36
linen_scrap3-1_Polygon2,linen,0.5,78.49,73.25,73.25
linen_scrap3-1_Polygon8,linen,0.5,81.06,82.07,84.10
linen_scrap3-1_Polygon3,linen,0.5,74.51,83.45,80.47
linen_scrap3-1_Polygon5,linen,0.5,78.17,82.08,78.17
linen_scrap2-2_Polygon9,linen,0.5,76.33,67.65,72.86
linen_scrap2-2_Polygon5,linen,0.5,80.29,85.64,80.29
linen_scrap2-2_Polygon7,linen,0.5,81.60,73.28,73.28
linen_scrap2-2_Polygon8,linen,0.5,80.87,75.82,74.55
linen_scrap2-2_Polygon3,linen,0.5,88.26,78.32,74.59
linen_scrap2-2_Polygon4,linen,0.5,83.36,86.14,79.19
linen_scrap2-2_Polygon6,linen,0.5,85.37,76.83,71.71
linen_scrap2-2_Polygon2,linen,0.5,81.32,83.94,78.70
linen_scrap1-2_Polygon3,linen,0.5,94.05,83.97,80.62
linen_scrap1-2_Polygon4,linen,0.5,82.44,78.51,76.55
linen_scrap1-2_Polygon2,linen,0.5,87.41,76.01,76.96
linen_scrap1-2_Polygon5,linen,0.5,84.58,82.70,80.83
linen_scrap1-1_Polygon4,linen,0.5,87.22,84.88,78.65
linen_scrap1-1_Polygon7,linen,0.5,81.68,86.90,80.81
linen_scrap1-1_Polygon6,linen,0.5,89.48,79.89,85.49
linen_scrap1-1_Polygon2,linen,0.5,80.38,78.73,80.38
linen_scrap1-1_Polygon5,linen,0.5,88.48,87.02,81.90
linen_scrap1-1_Polygon3,linen,0.5,81.46,80.00,86.55
linen_scrap3-2_Polygon4,linen,0.5,78.96,83.47,67.68
linen_scrap3-2_Polygon6,linen,0.5,85.01,82.27,65.81
linen_scrap3-2_Polygon3,linen,0.5,70.25,73.30,61.08
linen_scrap3-2_Polygon5,linen,0.5,65.25,73.41,77.49
linen_scrap3-2_Polygon2,linen,0.5,71.97,71.97,54.84
linen_scrap2-1_Polygon11,linen,0.5,65.10,57.87,54.25
linen_scrap2-1_Polygon10,linen,0.5,71.75,59.79,71.75
linen_scrap2-1_Polygon9,linen,0.5,59.44,56.14,69.34
linen_scrap2-1_Polygon8,linen,0.5,60.56,67.29,77.38
linen_scrap2-1_Polygon5,linen,0.5,31.40,47.10,15.70
linen_scrap2-1_Polygon2,linen,0.5,73.13,68.26,58.51
linen_scrap2-1_Polygon4,linen,0.5,75.84,78.45,73.22
linen_scrap2-1_Polygon6,linen,0.5,51.52,77.29,57.96
linen_scrap2-1_Polygon3,linen,0.5,70.79,58.99,70.79
linen_scrap2-1_Polygon7,linen,0.5,78.52,69.80,56.71
linen_scrap2-1_Polygon12,linen,0.5,59.13,65.70,62.41
etsybag2_scraps1_Polygon-3,etsybag2,0.5,88.67,86.01,80.71
etsybag2_scraps1_Polygon-2,etsybag2,0.5,79.68,78.15,88.11
etsybag2_scraps1_Polygon-5,etsybag2,0.5,80.64,71.68,73.92
etsybag2_scraps1_Polygon-4,etsybag2,0.5,73.70,87.94,77.89
audrey_scrap2_Polygon-14,audrey,1.0,68.81,51.61,34.41
audrey_scrap2_Polygon-13,audrey,1.0,67.60,50.70,33.80
audrey_scrap2_Polygon-16,audrey,1.0,41.82,55.75,69.69
audrey_scrap2_Polygon-2,audrey,1.0,50.16,66.87,45.98
audrey_scrap2_Polygon-6,audrey,1.0,49.31,16.44,49.31
audrey_scrap2_Polygon-7,audrey,1.0,52.86,69.68,48.05
audrey_scrap2_Polygon-10,audrey,1.0,70.50,52.88,35.25
audrey_scrap2_Polygon-5,audrey,1.0,0.00,0.00,0.00
audrey_scrap2_Polygon-9,audrey,1.0,53.57,53.57,26.79
audrey_scrap2_Polygon-3,audrey,1.0,0.00,0.00,0.00
audrey_scrap2_Polygon-18,audrey,1.0,69.22,8.65,51.91
audrey_scrap2_Polygon-11,audrey,1.0,61.64,52.84,35.23
audrey_scrap2_Polygon-17,audrey,1.0,0.00,0.00,0.00
audrey_scrap2_Polygon-4,audrey,1.0,0.00,0.00,0.00
audrey_scrap2_Polygon-12,audrey,1.0,70.38,52.78,35.19
audrey_scrap2_Polygon-15,audrey,1.0,42.73,56.97,49.85
audrey_scrap2_Polygon-8,audrey,1.0,66.10,0.00,69.67
audrey_scrap4_Polygon-25,audrey,1.0,62.42,74.90,56.18
audrey_scrap4_Polygon-2,audrey,1.0,35.72,53.58,0.00
audrey_scrap4_Polygon-7,audrey,1.0,59.72,39.81,39.81
audrey_scrap4_Polygon-23,audrey,1.0,54.11,40.58,27.06
audrey_scrap4_Polygon-3,audrey,1.0,69.31,63.98,53.32
audrey_scrap4_Polygon-24,audrey,1.0,75.88,65.04,32.52
audrey_scrap4_Polygon-14,audrey,1.0,0.00,0.00,39.96
audrey_scrap4_Polygon-8,audrey,1.0,55.70,37.13,27.85
audrey_scrap4_Polygon-18,audrey,1.0,64.68,32.34,32.34
audrey_scrap4_Polygon-26,audrey,1.0,0.00,48.35,0.00
audrey_scrap4_Polygon-20,audrey,1.0,61.47,30.74,30.74
audrey_scrap4_Polygon-17,audrey,1.0,0.00,42.90,0.00
audrey_scrap4_Polygon-13,audrey,1.0,0.00,75.50,0.00
audrey_scrap4_Polygon-9,audrey,1.0,37.73,37.73,18.86
audrey_scrap4_Polygon-10,audrey,1.0,40.58,40.58,20.29
audrey_scrap4_Polygon-12,audrey,1.0,0.00,41.77,0.00
audrey_scrap4_Polygon-11,audrey,1.0,55.55,55.55,37.03
audrey_scrap4_Polygon-16,audrey,1.0,64.57,32.28,32.28
audrey_scrap4_Polygon-19,audrey,1.0,0.00,74.79,0.00
audrey_scrap4_Polygon-5,audrey,1.0,44.20,66.31,49.73
audrey_scrap4_Polygon-22,audrey,1.0,65.74,43.82,32.87
audrey_scrap4_Polygon-27,audrey,1.0,44.91,44.91,33.68
audrey_scrap4_Polygon-21,audrey,1.0,73.53,36.77,36.77
audrey_scrap4_Polygon-15,audrey,1.0,0.00,0.00,0.00
audrey_scrap4_Polygon-28,audrey,1.0,40.12,40.12,50.15
audrey_scrap4_Polygon-4,audrey,1.0,60.81,60.81,45.61
audrey_scrap4_Polygon-6,audrey,1.0,75.60,56.70,56.70
audrey_scrap1_Polygon-2,audrey,1.0,67.04,47.88,38.31
audrey_scrap1_Polygon-11,audrey,1.0,64.20,32.10,56.17
audrey_scrap1_Polygon-7,audrey,1.0,68.55,34.27,51.41
audrey_scrap1_Polygon-14,audrey,1.0,61.57,53.17,55.97
audrey_scrap1_Polygon-4,audrey,1.0,50.31,50.31,25.15
audrey_scrap1_Polygon-15,audrey,1.0,55.78,53.25,50.71
audrey_scrap1_Polygon-10,audrey,1.0,46.50,0.00,23.25
audrey_scrap1_Polygon-9,audrey,1.0,66.44,61.69,56.94
audrey_scrap1_Polygon-12,audrey,1.0,0.00,0.00,0.00
audrey_scrap1_Polygon-6,audrey,1.0,47.56,57.07,28.53
audrey_scrap1_Polygon-3,audrey,1.0,56.39,66.96,31.72
audrey_scrap1_Polygon-5,audrey,1.0,50.00,50.00,25.00
audrey_scrap1_Polygon-13,audrey,1.0,64.80,43.20,32.40
audrey_scrap1_Polygon-8,audrey,1.0,69.73,73.40,80.74
audrey_scrap5_Polygon-12,audrey,1.0,57.25,42.94,28.63
audrey_scrap5_Polygon-20,audrey,1.0,57.73,51.31,53.88
audrey_scrap5_Polygon-10,audrey,1.0,0.00,0.00,0.00
audrey_scrap5_Polygon-5,audrey,1.0,41.59,62.38,31.19
audrey_scrap5_Polygon-17,audrey,1.0,68.86,27.54,55.09
audrey_scrap5_Polygon-16,audrey,1.0,58.72,0.00,44.04
audrey_scrap5_Polygon-18,audrey,1.0,57.68,69.21,46.14
audrey_scrap5_Polygon-9,audrey,1.0,75.18,75.18,70.17
audrey_scrap5_Polygon-3,audrey,1.0,50.17,25.08,50.17
audrey_scrap5_Polygon-13,audrey,1.0,56.23,0.00,42.17
audrey_scrap5_Polygon-19,audrey,1.0,55.45,0.00,41.59
audrey_scrap5_Polygon-6,audrey,1.0,46.50,34.88,34.88
audrey_scrap5_Polygon-14,audrey,1.0,56.42,28.21,42.31
audrey_scrap5_Polygon-7,audrey,1.0,42.84,64.26,32.13
audrey_scrap5_Polygon-2,audrey,1.0,44.19,66.28,44.19
audrey_scrap5_Polygon-8,audrey,1.0,46.09,34.56,34.56
audrey_scrap5_Polygon-21,audrey,1.0,17.35,0.00,28.91
audrey_scrap5_Polygon-15,audrey,1.0,55.02,73.36,50.43
audrey_scrap5_Polygon-4,audrey,1.0,58.81,44.11,44.11
audrey_scrap5_Polygon-11,audrey,1.0,53.03,39.77,26.51
audrey_scrap3_Polygon-18,audrey,1.0,62.29,53.39,35.60
audrey_scrap3_Polygon-2,audrey,1.0,69.75,84.29,69.75
audrey_scrap3_Polygon-4,audrey,1.0,46.73,46.73,23.37
audrey_scrap3_Polygon-12,audrey,1.0,18.17,36.33,18.17
audrey_scrap3_Polygon-5,audrey,1.0,83.42,78.21,72.99
audrey_scrap3_Polygon-17,audrey,1.0,39.67,39.67,19.84
audrey_scrap3_Polygon-16,audrey,1.0,55.64,55.64,34.77
audrey_scrap3_Polygon-14,audrey,1.0,0.00,0.00,0.00
audrey_scrap3_Polygon-6,audrey,1.0,67.18,50.38,33.59
audrey_scrap3_Polygon-15,audrey,1.0,54.56,54.56,34.10
audrey_scrap3_Polygon-10,audrey,1.0,65.23,65.23,62.51
audrey_scrap3_Polygon-7,audrey,1.0,0.00,0.00,0.00
audrey_scrap3_Polygon-9,audrey,1.0,50.32,75.48,62.90
audrey_scrap3_Polygon-3,audrey,1.0,66.23,82.79,66.23
audrey_scrap3_Polygon-11,audrey,1.0,61.95,68.14,61.95
audrey_scrap3_Polygon-8,audrey,1.0,63.40,63.40,73.97
audrey_scrap3_Polygon-13,audrey,1.0,17.05,34.10,17.05
audrey_scrap7_Polygon-8,audrey,1.0,68.37,51.28,34.19
audrey_scrap7_Polygon-15,audrey,1.0,68.37,51.28,34.19
audrey_scrap7_Polygon-12,audrey,1.0,64.00,48.00,32.00
audrey_scrap7_Polygon-3,audrey,1.0,70.92,53.19,35.46
audrey_scrap7_Polygon-17,audrey,1.0,52.33,52.33,26.16
audrey_scrap7_Polygon-6,audrey,1.0,60.19,51.59,34.39
audrey_scrap7_Polygon-2,audrey,1.0,59.65,51.13,25.56
audrey_scrap7_Polygon-9,audrey,1.0,63.06,47.29,31.53
audrey_scrap7_Polygon-4,audrey,1.0,59.11,50.67,25.33
audrey_scrap7_Polygon-18,audrey,1.0,64.54,48.41,32.27
audrey_scrap7_Polygon-5,audrey,1.0,50.85,50.85,25.42
audrey_scrap7_Polygon-11,audrey,1.0,65.74,49.30,32.87
audrey_scrap7_Polygon-19,audrey,1.0,44.75,53.70,26.85
audrey_scrap7_Polygon-10,audrey,1.0,66.51,49.88,33.26
audrey_scrap7_Polygon-7,audrey,1.0,68.81,51.61,34.41
audrey_scrap7_Polygon-21,audrey,1.0,60.05,45.04,30.03
audrey_scrap7_Polygon-14,audrey,1.0,61.65,52.84,26.42
audrey_scrap7_Polygon-22,audrey,1.0,62.54,46.90,31.27
audrey_scrap7_Polygon-20,audrey,1.0,62.07,46.55,31.03
audrey_scrap7_Polygon-16,audrey,1.0,69.49,52.11,34.74
audrey_scrap7_Polygon-13,audrey,1.0,58.28,49.95,33.30
audrey_scrap6_Polygon-5,audrey,1.0,85.04,77.01,77.01
audrey_scrap6_Polygon-2,audrey,1.0,81.31,77.44,77.44
audrey_scrap6_Polygon-4,audrey,1.0,87.37,74.88,74.88
audrey_scrap6_Polygon-3,audrey,1.0,81.29,77.80,79.79
audrey_scrap6_Polygon-7,audrey,1.0,50.96,76.43,44.59
audrey_scrap6_Polygon-6,audrey,1.0,57.76,86.64,50.54
oren_scrap2_Polygon-14,oren,1.0,0.00,0.00,0.00
oren_scrap2_Polygon-23,oren,1.0,0.00,0.00,0.00
oren_scrap2_Polygon-13,oren,1.0,0.00,0.00,0.00
oren_scrap2_Polygon-16,oren,1.0,0.00,0.00,0.00
oren_scrap2_Polygon-27,oren,1.0,68.18,68.18,62.50
oren_scrap2_Polygon-20,oren,1.0,0.00,0.00,0.00
oren_scrap2_Polygon-26,oren,1.0,0.00,39.16,0.00
oren_scrap2_Polygon-22,oren,1.0,0.00,0.00,0.00
oren_scrap2_Polygon-2,oren,1.0,53.97,40.48,53.97
oren_scrap2_Polygon-6,oren,1.0,42.32,28.21,28.21
oren_scrap2_Polygon-7,oren,1.0,0.00,0.00,0.00
oren_scrap2_Polygon-10,oren,1.0,54.59,74.44,49.63
oren_scrap2_Polygon-5,oren,1.0,0.00,0.00,0.00
oren_scrap2_Polygon-9,oren,1.0,56.45,76.97,51.31
oren_scrap2_Polygon-3,oren,1.0,46.25,0.00,46.25
oren_scrap2_Polygon-18,oren,1.0,0.00,0.00,0.00
oren_scrap2_Polygon-11,oren,1.0,0.00,0.00,0.00
oren_scrap2_Polygon-21,oren,1.0,0.00,0.00,0.00
oren_scrap2_Polygon-17,oren,1.0,0.00,0.00,0.00
oren_scrap2_Polygon-4,oren,1.0,0.00,0.00,0.00
oren_scrap2_Polygon-19,oren,1.0,0.00,0.00,0.00
oren_scrap2_Polygon-12,oren,1.0,0.00,0.00,0.00
oren_scrap2_Polygon-25,oren,1.0,19.64,19.64,19.64
oren_scrap2_Polygon-15,oren,1.0,0.00,0.00,0.00
oren_scrap2_Polygon-8,oren,1.0,28.07,28.07,28.07
oren_scrap2_Polygon-24,oren,1.0,35.26,0.00,0.00
oren_scrap1_Polygon-2,oren,1.0,25.06,50.13,37.60
oren_scrap1_Polygon-7,oren,1.0,0.00,41.83,0.00
oren_scrap1_Polygon-4,oren,1.0,28.12,56.25,28.13
oren_scrap1_Polygon-9,oren,1.0,88.80,89.97,89.39
oren_scrap1_Polygon-6,oren,1.0,0.00,0.00,0.00
oren_scrap1_Polygon-3,oren,1.0,48.30,0.00,24.15
oren_scrap1_Polygon-5,oren,1.0,0.00,0.00,0.00
oren_scrap1_Polygon-8,oren,1.0,43.57,43.57,21.78
oren_scrap4_Polygon-2,oren,1.0,0.00,0.00,0.00
oren_scrap4_Polygon-7,oren,1.0,56.62,18.87,18.87
oren_scrap4_Polygon-3,oren,1.0,0.00,0.00,0.00
oren_scrap4_Polygon-8,oren,1.0,57.04,57.04,49.91
oren_scrap4_Polygon-9,oren,1.0,40.17,50.21,50.21
oren_scrap4_Polygon-10,oren,1.0,80.44,80.44,73.13
oren_scrap4_Polygon-11,oren,1.0,37.90,56.85,37.90
oren_scrap4_Polygon-5,oren,1.0,40.02,40.02,40.02
oren_scrap4_Polygon-4,oren,1.0,77.71,70.65,68.29
oren_scrap4_Polygon-6,oren,1.0,56.54,48.47,32.31
oren_scrap3_Polygon-18,oren,1.0,36.02,60.04,36.02
oren_scrap3_Polygon-2,oren,1.0,45.02,0.00,45.02
oren_scrap3_Polygon-4,oren,1.0,0.00,0.00,0.00
oren_scrap3_Polygon-12,oren,1.0,52.29,55.56,71.90
oren_scrap3_Polygon-5,oren,1.0,0.00,0.00,0.00
oren_scrap3_Polygon-19,oren,1.0,58.14,19.38,19.38
oren_scrap3_Polygon-17,oren,1.0,54.93,43.94,54.93
oren_scrap3_Polygon-16,oren,1.0,52.44,52.44,39.33
oren_scrap3_Polygon-14,oren,1.0,52.77,39.57,39.57
oren_scrap3_Polygon-20,oren,1.0,40.48,40.48,20.24
oren_scrap3_Polygon-6,oren,1.0,0.00,0.00,0.00
oren_scrap3_Polygon-15,oren,1.0,63.64,63.64,21.21
oren_scrap3_Polygon-10,oren,1.0,0.00,0.00,0.00
oren_scrap3_Polygon-7,oren,1.0,66.45,37.97,47.46
oren_scrap3_Polygon-9,oren,1.0,0.00,0.00,0.00
oren_scrap3_Polygon-3,oren,1.0,57.63,43.22,43.22
oren_scrap3_Polygon-11,oren,1.0,0.00,50.41,0.00
oren_scrap3_Polygon-8,oren,1.0,0.00,55.22,0.00
oren_scrap3_Polygon-13,oren,1.0,55.01,55.01,18.34
oren_scrap5_Polygon-3,oren,1.0,81.31,88.28,84.21
oren_scrap5_Polygon-2,oren,1.0,90.03,81.46,83.60
oren_scrap5_Polygon-4,oren,1.0,74.41,68.37,72.39
fabscrap_scraps7_Polygon-3,fabscrap,1.0,81.90,90.09,80.87
fabscrap_scraps7_Polygon-4,fabscrap,1.0,76.29,79.47,76.29
fabscrap_scraps7_Polygon-2,fabscrap,1.0,52.88,66.10,39.66
fabscrap_scraps8_Polygon-5,fabscrap,1.0,80.10,75.09,67.58
fabscrap_scraps8_Polygon-3,fabscrap,1.0,0.00,0.00,0.00
fabscrap_scraps8_Polygon-2,fabscrap,1.0,81.22,84.61,76.14
fabscrap_scraps8_Polygon-6,fabscrap,1.0,81.31,81.31,83.01
fabscrap_scraps8_Polygon-4,fabscrap,1.0,0.00,0.00,0.00
fabscrap_scraps10_Polygon-6,fabscrap,1.0,0.00,0.00,0.00
fabscrap_scraps10_Polygon-4,fabscrap,1.0,36.91,55.37,18.46
fabscrap_scraps10_Polygon-3,fabscrap,1.0,47.72,47.72,23.86
fabscrap_scraps10_Polygon-10,fabscrap,1.0,82.87,80.20,69.51
fabscrap_scraps10_Polygon-7,fabscrap,1.0,61.60,61.60,51.34
fabscrap_scraps10_Polygon-8,fabscrap,1.0,50.47,63.08,37.85
fabscrap_scraps10_Polygon-9,fabscrap,1.0,0.00,0.00,0.00
fabscrap_scraps10_Polygon-2,fabscrap,1.0,79.45,78.54,79.45
fabscrap_scraps10_Polygon-5,fabscrap,1.0,35.85,35.85,17.93
fabscrap_scraps5_Polygon-7,fabscrap,1.0,50.22,0.00,25.11
fabscrap_scraps5_Polygon-5,fabscrap,1.0,41.47,41.47,20.74
fabscrap_scraps5_Polygon-6,fabscrap,1.0,46.93,0.00,23.47
fabscrap_scraps5_Polygon-8,fabscrap,1.0,77.77,77.77,61.57
fabscrap_scraps5_Polygon-2,fabscrap,1.0,75.92,50.61,63.26
fabscrap_scraps5_Polygon-3,fabscrap,1.0,40.60,0.00,40.60
fabscrap_scraps5_Polygon-9,fabscrap,1.0,61.46,56.73,75.64
fabscrap_scraps5_Polygon-4,fabscrap,1.0,41.70,41.70,20.85
fabscrap_scraps6_Polygon-4,fabscrap,1.0,44.34,44.34,22.17
fabscrap_scraps6_Polygon-3,fabscrap,1.0,37.74,37.74,18.87
fabscrap_scraps6_Polygon-2,fabscrap,1.0,38.02,57.02,19.01
fabscrap_scraps9_Polygon-2,fabscrap,1.0,85.88,89.06,87.47
fabscrap_scraps9_Polygon-3,fabscrap,1.0,75.53,80.70,73.46
fabscrap_scraps9_Polygon-4,fabscrap,1.0,79.72,84.47,83.52
bag1_scrap1_Polygon-2,bag1,1.0,90.80,86.67,78.41
bag1_scrap1_Polygon-4,bag1,1.0,81.85,83.32,78.16
bag1_scrap1_Polygon-3,bag1,1.0,74.73,67.26,70.58
bag1_scrap1_Polygon-5,bag1,1.0,66.08,68.83,68.83
bag1_scrap4_Polygon-2,bag1,1.0,64.89,61.07,72.53
bag1_scrap4_Polygon-7,bag1,1.0,88.39,78.57,82.25
bag1_scrap4_Polygon-3,bag1,1.0,89.19,79.28,79.28
bag1_scrap4_Polygon-5,bag1,1.0,65.72,62.98,73.94
bag1_scrap4_Polygon-4,bag1,1.0,76.83,68.29,64.02
bag1_scrap4_Polygon-6,bag1,1.0,71.30,68.20,58.90
bag1_scrap3_Polygon-2,bag1,1.0,69.85,73.52,66.17
bag1_scrap3_Polygon-4,bag1,1.0,83.89,84.39,82.89
bag1_scrap3_Polygon-5,bag1,1.0,75.20,83.55,71.02
bag1_scrap3_Polygon-3,bag1,1.0,86.39,84.90,78.94
bag1_scrap9_Polygon-5,bag1,1.0,56.14,74.86,52.74
bag1_scrap9_Polygon-4,bag1,1.0,79.57,70.86,74.59
bag1_scrap9_Polygon-3,bag1,1.0,68.56,62.95,69.18
bag1_scrap9_Polygon-2,bag1,1.0,68.66,63.92,66.29
bag1_scrap5_Polygon-5,bag1,1.0,63.38,56.34,66.90
bag1_scrap5_Polygon-3,bag1,1.0,70.02,62.24,64.18
bag1_scrap5_Polygon-6,bag1,1.0,77.25,82.40,64.37
bag1_scrap5_Polygon-7,bag1,1.0,87.40,80.93,80.93
bag1_scrap5_Polygon-2,bag1,1.0,73.55,63.04,78.80
bag1_scrap5_Polygon-4,bag1,1.0,63.25,56.22,52.71
bag1_scrap8_Polygon-3,bag1,1.0,60.04,50.04,62.55
bag1_scrap8_Polygon-4,bag1,1.0,71.44,52.18,68.34
bag1_scrap8_Polygon-2,bag1,1.0,67.35,58.66,72.78
bag1_scrap8_Polygon-5,bag1,1.0,66.46,56.97,75.96
bag1_scrap2_Polygon-2,bag1,1.0,70.53,65.49,64.23
bag1_scrap2_Polygon-6,bag1,1.0,69.11,56.31,64.63
bag1_scrap2_Polygon-5,bag1,1.0,57.21,80.10,77.24
bag1_scrap2_Polygon-3,bag1,1.0,79.36,73.25,73.25
bag1_scrap2_Polygon-4,bag1,1.0,67.18,62.71,67.18
bag1_scrap6_Polygon-5,bag1,1.0,76.89,81.16,81.16
bag1_scrap6_Polygon-2,bag1,1.0,90.35,77.80,82.82
bag1_scrap6_Polygon-4,bag1,1.0,73.13,81.01,84.38
bag1_scrap6_Polygon-3,bag1,1.0,72.82,72.82,72.82
bag1_scrap7_Polygon-3,bag1,1.0,74.32,81.75,83.61
bag1_scrap7_Polygon-6,bag1,1.0,77.02,70.61,67.40
bag1_scrap7_Polygon-2,bag1,1.0,75.20,85.76,81.14
bag1_scrap7_Polygon-4,bag1,1.0,55.40,72.02,47.09
bag1_scrap7_Polygon-5,bag1,1.0,81.14,72.13,72.13
bag1_scrap7_Polygon-7,bag1,1.0,75.61,50.41,68.05
bag1_scrap10_Polygon-3,bag1,1.0,75.03,68.87,74.01
bag1_scrap10_Polygon-4,bag1,1.0,65.65,76.13,70.06
bag1_scrap10_Polygon-2,bag1,1.0,81.09,78.56,84.47
bag4_scrap1_Polygon-2,bag4,1.0,84.21,80.52,86.66
bag4_scrap1_Polygon-4,bag4,1.0,79.57,67.90,74.26
bag4_scrap1_Polygon-3,bag4,1.0,86.74,83.64,83.64
bag4_scrap4_Polygon-2,bag4,1.0,76.32,61.48,69.96
bag4_scrap4_Polygon-3,bag4,1.0,83.73,82.98,77.75
bag4_scrap3_Polygon-2,bag4,1.0,63.09,59.38,59.38
bag4_scrap3_Polygon-4,bag4,1.0,59.12,62.82,59.12
bag4_scrap3_Polygon-12,bag4,1.0,70.33,66.62,62.92
bag4_scrap3_Polygon-5,bag4,1.0,67.56,67.56,64.01
bag4_scrap3_Polygon-14,bag4,1.0,65.48,65.48,61.84
bag4_scrap3_Polygon-6,bag4,1.0,74.91,66.44,73.58
bag4_scrap3_Polygon-10,bag4,1.0,60.48,60.48,63.84
bag4_scrap3_Polygon-7,bag4,1.0,68.33,86.55,69.47
bag4_scrap3_Polygon-9,bag4,1.0,58.88,58.88,62.56
bag4_scrap3_Polygon-3,bag4,1.0,60.64,60.64,64.43
bag4_scrap3_Polygon-11,bag4,1.0,60.65,60.65,60.65
bag4_scrap3_Polygon-8,bag4,1.0,68.01,71.59,60.85
bag4_scrap3_Polygon-13,bag4,1.0,63.57,59.83,67.31
bag4_scrap5_Polygon-5,bag4,1.0,69.11,73.72,66.81
bag4_scrap5_Polygon-3,bag4,1.0,84.29,88.50,86.92
bag4_scrap5_Polygon-2,bag4,1.0,72.94,50.99,70.82
bag4_scrap5_Polygon-4,bag4,1.0,79.50,70.67,66.25
bag4_scrap2_Polygon-2,bag4,1.0,87.72,78.99,82.02
bag4_scrap2_Polygon-3,bag4,1.0,73.54,61.75,69.05
bag4_scrap6_Polygon-5,bag4,1.0,58.18,69.27,66.50
bag4_scrap6_Polygon-2,bag4,1.0,86.79,86.34,79.56
bag4_scrap6_Polygon-4,bag4,1.0,69.72,74.37,69.72
bag4_scrap6_Polygon-3,bag4,1.0,77.45,80.89,75.72
bag4_scrap6_Polygon-7,bag4,1.0,65.25,77.80,75.29
bag4_scrap6_Polygon-6,bag4,1.0,77.74,74.86,57.58
bag4_scrap7_Polygon-3,bag4,1.0,79.12,84.62,80.22
bag4_scrap7_Polygon-2,bag4,1.0,82.30,78.21,82.30
bag4_scrap7_Polygon-4,bag4,1.0,77.25,80.01,80.01
bag4_scrap7_Polygon-5,bag4,1.0,84.12,84.12,77.98
bag4_scrap9_Polygon-3,bag4,1.0,90.03,91.98,85.65
bag4_scrap9_Polygon-2,bag4,1.0,78.23,74.92,77.57
bag4_scrap8_Polygon-2,bag4,1.0,90.65,88.29,91.83
etsybag_scrap10_Polygon-11,etsybag,1.0,31.33,62.66,31.33
etsybag_scrap10_Polygon-22,etsybag,1.0,31.47,62.94,31.47
etsybag_scrap10_Polygon-5,etsybag,1.0,35.15,70.30,35.15
etsybag_scrap10_Polygon-14,etsybag,1.0,33.42,66.83,33.42
etsybag_scrap10_Polygon-19,etsybag,1.0,51.42,68.57,42.85
etsybag_scrap10_Polygon-10,etsybag,1.0,32.20,48.30,32.20
etsybag_scrap10_Polygon-18,etsybag,1.0,53.05,70.73,44.21
etsybag_scrap10_Polygon-9,etsybag,1.0,37.53,56.30,18.77
etsybag_scrap10_Polygon-28,etsybag,1.0,32.94,65.87,32.94
etsybag_scrap10_Polygon-3,etsybag,1.0,30.89,61.78,30.89
etsybag_scrap10_Polygon-24,etsybag,1.0,31.43,62.86,31.43
etsybag_scrap10_Polygon-27,etsybag,1.0,32.65,65.30,32.65
etsybag_scrap10_Polygon-32,etsybag,1.0,43.60,43.60,43.60
etsybag_scrap10_Polygon-17,etsybag,1.0,30.67,61.35,30.67
etsybag_scrap10_Polygon-21,etsybag,1.0,32.27,64.54,32.27
etsybag_scrap10_Polygon-25,etsybag,1.0,31.88,63.76,31.88
etsybag_scrap10_Polygon-15,etsybag,1.0,33.74,67.48,33.74
etsybag_scrap10_Polygon-12,etsybag,1.0,33.66,67.32,33.66
etsybag_scrap10_Polygon-4,etsybag,1.0,30.35,60.70,30.35
etsybag_scrap10_Polygon-2,etsybag,1.0,34.92,69.84,34.92
etsybag_scrap10_Polygon-8,etsybag,1.0,33.90,50.86,16.95
etsybag_scrap10_Polygon-6,etsybag,1.0,34.35,68.70,34.35
etsybag_scrap10_Polygon-30,etsybag,1.0,33.55,50.32,33.55
etsybag_scrap10_Polygon-20,etsybag,1.0,34.13,68.25,34.13
etsybag_scrap10_Polygon-23,etsybag,1.0,31.87,63.75,31.87
etsybag_scrap10_Polygon-7,etsybag,1.0,34.49,68.99,34.49
etsybag_scrap10_Polygon-31,etsybag,1.0,42.74,42.74,53.42
etsybag_scrap10_Polygon-13,etsybag,1.0,33.87,67.75,33.87
etsybag_scrap10_Polygon-16,etsybag,1.0,31.67,63.34,31.67
etsybag_scrap10_Polygon-29,etsybag,1.0,28.95,57.91,28.95
etsybag_scrap10_Polygon-26,etsybag,1.0,33.97,67.94,33.97
etsybag_scrap1_Polygon-2,etsybag,1.0,31.14,62.29,31.14
etsybag_scrap1_Polygon-7,etsybag,1.0,66.85,78.65,70.78
etsybag_scrap1_Polygon-4,etsybag,1.0,32.27,64.54,32.27
etsybag_scrap1_Polygon-6,etsybag,1.0,31.67,63.33,31.67
etsybag_scrap1_Polygon-3,etsybag,1.0,47.59,63.45,39.66
etsybag_scrap1_Polygon-5,etsybag,1.0,33.23,66.45,33.23
etsybag_scrap1_Polygon-8,etsybag,1.0,13.32,0.00,13.32
etsybag_scrap4_Polygon-2,etsybag,1.0,84.04,79.94,82.50
etsybag_scrap4_Polygon-3,etsybag,1.0,67.86,75.40,67.86
etsybag_scrap4_Polygon-5,etsybag,1.0,77.50,51.89,72.25
etsybag_scrap4_Polygon-4,etsybag,1.0,74.04,54.34,74.72
etsybag_scrap7_Polygon-8,etsybag,1.0,80.39,80.39,72.02
etsybag_scrap7_Polygon-3,etsybag,1.0,60.13,80.18,75.16
etsybag_scrap7_Polygon-6,etsybag,1.0,80.55,71.60,73.84
etsybag_scrap7_Polygon-2,etsybag,1.0,34.47,51.71,17.24
etsybag_scrap7_Polygon-4,etsybag,1.0,46.77,62.36,46.77
etsybag_scrap7_Polygon-5,etsybag,1.0,70.55,73.16,74.47
etsybag_scrap7_Polygon-7,etsybag,1.0,85.20,77.90,73.03
etsybag_scrap3_Polygon-2,etsybag,1.0,73.35,0.00,73.35
etsybag_scrap3_Polygon-4,etsybag,1.0,73.65,82.58,64.72
etsybag_scrap3_Polygon-5,etsybag,1.0,71.96,77.95,65.96
etsybag_scrap3_Polygon-6,etsybag,1.0,56.29,65.67,51.60
etsybag_scrap3_Polygon-7,etsybag,1.0,76.89,66.64,73.05
etsybag_scrap3_Polygon-3,etsybag,1.0,77.42,87.10,77.42
etsybag_scrap8_Polygon-6,etsybag,1.0,72.26,64.23,60.22
etsybag_scrap8_Polygon-9,etsybag,1.0,71.23,63.32,59.36
etsybag_scrap8_Polygon-3,etsybag,1.0,70.45,62.62,58.71
etsybag_scrap8_Polygon-7,etsybag,1.0,70.09,62.30,58.41
etsybag_scrap8_Polygon-4,etsybag,1.0,67.58,60.07,56.31
etsybag_scrap8_Polygon-2,etsybag,1.0,68.01,60.45,56.67
etsybag_scrap8_Polygon-10,etsybag,1.0,71.18,63.27,59.32
etsybag_scrap8_Polygon-5,etsybag,1.0,70.50,62.67,58.75
etsybag_scrap8_Polygon-8,etsybag,1.0,70.04,62.26,58.37
etsybag_scrap2_Polygon-2,etsybag,1.0,80.12,73.44,81.07
etsybag_scrap2_Polygon-6,etsybag,1.0,34.00,68.00,34.00
etsybag_scrap2_Polygon-7,etsybag,1.0,33.32,66.64,33.32
etsybag_scrap2_Polygon-5,etsybag,1.0,71.57,63.62,59.65
etsybag_scrap2_Polygon-9,etsybag,1.0,31.26,62.52,31.26
etsybag_scrap2_Polygon-3,etsybag,1.0,70.11,62.32,58.43
etsybag_scrap2_Polygon-4,etsybag,1.0,71.93,63.94,59.94
etsybag_scrap2_Polygon-8,etsybag,1.0,31.40,62.79,31.40
etsybag_scrap5_Polygon-3,etsybag,1.0,66.90,92.91,78.04
etsybag_scrap5_Polygon-2,etsybag,1.0,91.29,91.03,89.74
etsybag_scrap5_Polygon-4,etsybag,1.0,81.17,72.15,67.64
etsybag_scrap6_Polygon-2,etsybag,1.0,83.23,88.38,82.49
etsybag_scrap6_Polygon-4,etsybag,1.0,78.95,70.78,74.41
etsybag_scrap6_Polygon-3,etsybag,1.0,82.99,71.13,80.83
etsybag_scrap9_Polygon-4,etsybag,1.0,54.00,54.00,54.00
etsybag_scrap9_Polygon-3,etsybag,1.0,75.20,63.81,76.34
etsybag_scrap9_Polygon-2,etsybag,1.0,88.25,82.18,82.73
linen_scrap2-3_Polygon6,linen,1.0,77.14,72.31,65.08
linen_scrap2-3_Polygon2,linen,1.0,66.51,74.83,78.99
linen_scrap2-3_Polygon4,linen,1.0,67.18,80.61,80.61
linen_scrap2-3_Polygon3,linen,1.0,76.43,82.16,66.88
linen_scrap2-3_Polygon5,linen,1.0,74.88,72.47,65.22
linen_scrap3-1_Polygon4,linen,1.0,82.34,84.45,63.34
linen_scrap3-1_Polygon6,linen,1.0,80.70,75.65,60.52
linen_scrap3-1_Polygon7,linen,1.0,78.38,72.50,68.58
linen_scrap3-1_Polygon2,linen,1.0,83.72,78.49,62.79
linen_scrap3-1_Polygon8,linen,1.0,81.06,85.11,72.95
linen_scrap3-1_Polygon3,linen,1.0,53.65,89.41,71.53
linen_scrap3-1_Polygon5,linen,1.0,83.38,78.17,70.35
linen_scrap2-2_Polygon9,linen,1.0,62.45,62.45,58.98
linen_scrap2-2_Polygon5,linen,1.0,85.64,80.29,74.93
linen_scrap2-2_Polygon7,linen,1.0,59.95,63.28,59.95
linen_scrap2-2_Polygon8,linen,1.0,80.87,75.82,65.71
linen_scrap2-2_Polygon3,linen,1.0,79.56,74.59,67.13
linen_scrap2-2_Polygon4,linen,1.0,77.80,72.24,69.46
linen_scrap2-2_Polygon6,linen,1.0,61.47,64.88,61.47
linen_scrap2-2_Polygon2,linen,1.0,83.94,78.70,73.45
linen_scrap1-2_Polygon3,linen,1.0,67.18,70.54,75.58
linen_scrap1-2_Polygon4,linen,1.0,78.51,82.44,70.66
linen_scrap1-2_Polygon2,linen,1.0,76.01,79.81,68.41
linen_scrap1-2_Polygon5,linen,1.0,80.83,78.95,75.19
linen_scrap1-1_Polygon4,linen,1.0,80.99,66.97,77.88
linen_scrap1-1_Polygon7,linen,1.0,69.52,72.99,78.21
linen_scrap1-1_Polygon6,linen,1.0,79.89,81.49,71.90
linen_scrap1-1_Polygon2,linen,1.0,82.02,80.38,72.17
linen_scrap1-1_Polygon5,linen,1.0,73.13,81.90,76.05
linen_scrap1-1_Polygon3,linen,1.0,87.27,85.82,72.73
linen_scrap3-2_Polygon4,linen,1.0,54.14,54.14,54.14
linen_scrap3-2_Polygon6,linen,1.0,43.88,65.81,65.81
linen_scrap3-2_Polygon3,linen,1.0,73.30,61.08,54.97
linen_scrap3-2_Polygon5,linen,1.0,73.41,65.25,61.17
linen_scrap3-2_Polygon2,linen,1.0,75.40,54.84,54.84
linen_scrap2-1_Polygon11,linen,1.0,57.87,43.40,43.40
linen_scrap2-1_Polygon10,linen,1.0,47.83,65.77,47.83
linen_scrap2-1_Polygon9,linen,1.0,52.83,79.25,46.23
linen_scrap2-1_Polygon8,linen,1.0,53.83,80.74,53.83
linen_scrap2-1_Polygon5,linen,1.0,62.80,0.00,31.40
linen_scrap2-1_Polygon2,linen,1.0,58.51,43.88,58.51
linen_scrap2-1_Polygon4,linen,1.0,62.76,83.68,57.53
linen_scrap2-1_Polygon6,linen,1.0,51.52,51.52,51.52
linen_scrap2-1_Polygon3,linen,1.0,47.19,70.79,47.19
linen_scrap2-1_Polygon7,linen,1.0,69.80,34.90,52.35
linen_scrap2-1_Polygon12,linen,1.0,52.56,45.99,52.56
etsybag2_scraps1_Polygon-3,etsybag2,1.0,77.52,80.71,82.83
etsybag2_scraps1_Polygon-2,etsybag2,1.0,82.75,73.55,73.55
etsybag2_scraps1_Polygon-5,etsybag2,1.0,71.68,49.28,67.20
etsybag2_scraps1_Polygon-4,etsybag2,1.0,80.40,80.40,67.00
audrey_scrap2_Polygon-14,audrey,2.0,0.00,68.81,0.00
audrey_scrap2_Polygon-13,audrey,2.0,0.00,67.60,0.00
audrey_scrap2_Polygon-16,audrey,2.0,55.75,55.75,41.82
audrey_scrap2_Polygon-2,audrey,2.0,66.87,0.00,58.51
audrey_scrap2_Polygon-6,audrey,2.0,32.87,32.87,0.00
audrey_scrap2_Polygon-7,audrey,2.0,62.47,0.00,52.86
audrey_scrap2_Polygon-10,audrey,2.0,0.00,70.50,0.00
audrey_scrap2_Polygon-5,audrey,2.0,0.00,0.00,0.00
audrey_scrap2_Polygon-9,audrey,2.0,0.00,53.57,0.00
audrey_scrap2_Polygon-3,audrey,2.0,0.00,0.00,0.00
audrey_scrap2_Polygon-18,audrey,2.0,0.00,0.00,0.00
audrey_scrap2_Polygon-11,audrey,2.0,0.00,70.45,0.00
audrey_scrap2_Polygon-17,audrey,2.0,0.00,0.00,0.00
audrey_scrap2_Polygon-4,audrey,2.0,0.00,0.00,0.00
audrey_scrap2_Polygon-12,audrey,2.0,0.00,70.38,0.00
audrey_scrap2_Polygon-15,audrey,2.0,56.97,42.73,42.73
audrey_scrap2_Polygon-8,audrey,2.0,0.00,0.00,0.00
audrey_scrap4_Polygon-25,audrey,2.0,49.94,74.90,49.94
audrey_scrap4_Polygon-2,audrey,2.0,0.00,0.00,0.00
audrey_scrap4_Polygon-7,audrey,2.0,0.00,39.81,0.00
audrey_scrap4_Polygon-23,audrey,2.0,0.00,54.11,0.00
audrey_scrap4_Polygon-3,audrey,2.0,63.98,42.65,31.99
audrey_scrap4_Polygon-24,audrey,2.0,0.00,65.04,0.00
audrey_scrap4_Polygon-14,audrey,2.0,0.00,0.00,0.00
audrey_scrap4_Polygon-8,audrey,2.0,0.00,55.70,0.00
audrey_scrap4_Polygon-18,audrey,2.0,32.34,64.68,0.00
audrey_scrap4_Polygon-26,audrey,2.0,0.00,0.00,0.00
audrey_scrap4_Polygon-20,audrey,2.0,0.00,61.47,0.00
audrey_scrap4_Polygon-17,audrey,2.0,0.00,0.00,0.00
audrey_scrap4_Polygon-13,audrey,2.0,0.00,0.00,0.00
audrey_scrap4_Polygon-9,audrey,2.0,0.00,37.73,0.00
audrey_scrap4_Polygon-10,audrey,2.0,0.00,0.00,0.00
audrey_scrap4_Polygon-12,audrey,2.0,0.00,0.00,0.00
audrey_scrap4_Polygon-11,audrey,2.0,0.00,74.07,0.00
audrey_scrap4_Polygon-16,audrey,2.0,0.00,64.57,0.00
audrey_scrap4_Polygon-19,audrey,2.0,0.00,0.00,0.00
audrey_scrap4_Polygon-5,audrey,2.0,66.31,44.20,33.15
audrey_scrap4_Polygon-22,audrey,2.0,0.00,43.82,0.00
audrey_scrap4_Polygon-27,audrey,2.0,44.91,0.00,22.46
audrey_scrap4_Polygon-21,audrey,2.0,0.00,73.53,0.00
audrey_scrap4_Polygon-15,audrey,2.0,0.00,0.00,0.00
audrey_scrap4_Polygon-28,audrey,2.0,40.12,40.12,20.06
audrey_scrap4_Polygon-4,audrey,2.0,60.81,45.61,30.40
audrey_scrap4_Polygon-6,audrey,2.0,37.80,75.60,37.80
audrey_scrap1_Polygon-2,audrey,2.0,0.00,76.61,0.00
audrey_scrap1_Polygon-11,audrey,2.0,0.00,0.00,16.05
audrey_scrap1_Polygon-7,audrey,2.0,34.27,68.55,17.14
audrey_scrap1_Polygon-14,audrey,2.0,39.18,0.00,61.57
audrey_scrap1_Polygon-4,audrey,2.0,0.00,50.31,0.00
audrey_scrap1_Polygon-15,audrey,2.0,50.71,0.00,45.64
audrey_scrap1_Polygon-10,audrey,2.0,0.00,0.00,0.00
audrey_scrap1_Polygon-9,audrey,2.0,0.00,0.00,0.00
audrey_scrap1_Polygon-12,audrey,2.0,0.00,0.00,0.00
audrey_scrap1_Polygon-6,audrey,2.0,0.00,0.00,0.00
audrey_scrap1_Polygon-3,audrey,2.0,21.15,56.39,21.15
audrey_scrap1_Polygon-5,audrey,2.0,0.00,50.00,0.00
audrey_scrap1_Polygon-13,audrey,2.0,0.00,64.80,0.00
audrey_scrap1_Polygon-8,audrey,2.0,73.40,68.50,66.06
audrey_scrap5_Polygon-12,audrey,2.0,0.00,57.25,0.00
audrey_scrap5_Polygon-20,audrey,2.0,38.48,0.00,46.18
audrey_scrap5_Polygon-10,audrey,2.0,0.00,0.00,0.00
audrey_scrap5_Polygon-5,audrey,2.0,41.59,41.59,20.79
audrey_scrap5_Polygon-17,audrey,2.0,0.00,0.00,0.00
audrey_scrap5_Polygon-16,audrey,2.0,0.00,0.00,0.00
audrey_scrap5_Polygon-18,audrey,2.0,0.00,0.00,57.68
audrey_scrap5_Polygon-9,audrey,2.0,66.82,73.51,63.48
audrey_scrap5_Polygon-3,audrey,2.0,0.00,0.00,0.00
audrey_scrap5_Polygon-13,audrey,2.0,0.00,0.00,0.00
audrey_scrap5_Polygon-19,audrey,2.0,0.00,0.00,0.00
audrey_scrap5_Polygon-6,audrey,2.0,46.50,46.50,23.25
audrey_scrap5_Polygon-14,audrey,2.0,0.00,0.00,0.00
audrey_scrap5_Polygon-7,audrey,2.0,42.84,42.84,21.42
audrey_scrap5_Polygon-2,audrey,2.0,0.00,0.00,0.00
audrey_scrap5_Polygon-8,audrey,2.0,46.09,46.09,23.04
audrey_scrap5_Polygon-21,audrey,2.0,0.00,0.00,0.00
audrey_scrap5_Polygon-15,audrey,2.0,73.36,0.00,64.19
audrey_scrap5_Polygon-4,audrey,2.0,29.41,0.00,0.00
audrey_scrap5_Polygon-11,audrey,2.0,0.00,26.51,0.00
audrey_scrap3_Polygon-18,audrey,2.0,0.00,71.19,0.00
audrey_scrap3_Polygon-2,audrey,2.0,46.50,69.75,63.94
audrey_scrap3_Polygon-4,audrey,2.0,0.00,0.00,0.00
audrey_scrap3_Polygon-12,audrey,2.0,36.33,36.33,0.00
audrey_scrap3_Polygon-5,audrey,2.0,41.71,62.57,62.57
audrey_scrap3_Polygon-17,audrey,2.0,0.00,39.67,0.00
audrey_scrap3_Polygon-16,audrey,2.0,27.82,55.64,27.82
audrey_scrap3_Polygon-14,audrey,2.0,0.00,0.00,0.00
audrey_scrap3_Polygon-6,audrey,2.0,0.00,67.18,0.00
audrey_scrap3_Polygon-15,audrey,2.0,54.56,54.56,27.28
audrey_scrap3_Polygon-10,audrey,2.0,65.23,43.48,54.35
audrey_scrap3_Polygon-7,audrey,2.0,0.00,0.00,0.00
audrey_scrap3_Polygon-9,audrey,2.0,37.74,62.90,25.16
audrey_scrap3_Polygon-3,audrey,2.0,66.23,66.23,66.23
audrey_scrap3_Polygon-11,audrey,2.0,37.17,49.56,49.56
audrey_scrap3_Polygon-8,audrey,2.0,63.40,68.68,52.83
audrey_scrap3_Polygon-13,audrey,2.0,34.10,34.10,0.00
audrey_scrap7_Polygon-8,audrey,2.0,0.00,68.37,0.00
audrey_scrap7_Polygon-15,audrey,2.0,0.00,68.37,0.00
audrey_scrap7_Polygon-12,audrey,2.0,96.01,64.00,0.00
audrey_scrap7_Polygon-3,audrey,2.0,0.00,53.19,0.00
audrey_scrap7_Polygon-17,audrey,2.0,0.00,52.33,0.00
audrey_scrap7_Polygon-6,audrey,2.0,0.00,68.78,0.00
audrey_scrap7_Polygon-2,audrey,2.0,0.00,51.13,0.00
audrey_scrap7_Polygon-9,audrey,2.0,0.00,63.06,0.00
audrey_scrap7_Polygon-4,audrey,2.0,0.00,50.67,0.00
audrey_scrap7_Polygon-18,audrey,2.0,0.00,64.54,0.00
audrey_scrap7_Polygon-5,audrey,2.0,0.00,50.85,0.00
audrey_scrap7_Polygon-11,audrey,2.0,0.00,65.74,0.00
audrey_scrap7_Polygon-19,audrey,2.0,0.00,53.70,0.00
audrey_scrap7_Polygon-10,audrey,2.0,0.00,66.51,0.00
audrey_scrap7_Polygon-7,audrey,2.0,0.00,68.81,0.00
audrey_scrap7_Polygon-21,audrey,2.0,0.00,60.05,0.00
audrey_scrap7_Polygon-14,audrey,2.0,0.00,52.84,0.00
audrey_scrap7_Polygon-22,audrey,2.0,15.63,62.54,0.00
audrey_scrap7_Polygon-20,audrey,2.0,0.00,62.07,0.00
audrey_scrap7_Polygon-16,audrey,2.0,0.00,69.49,0.00
audrey_scrap7_Polygon-13,audrey,2.0,0.00,66.60,0.00
audrey_scrap6_Polygon-5,audrey,2.0,77.01,51.34,70.60
audrey_scrap6_Polygon-2,audrey,2.0,74.34,72.79,71.24
audrey_scrap6_Polygon-4,audrey,2.0,83.20,49.92,66.56
audrey_scrap6_Polygon-3,audrey,2.0,79.79,71.81,74.81
audrey_scrap6_Polygon-7,audrey,2.0,63.70,0.00,63.70
audrey_scrap6_Polygon-6,audrey,2.0,0.00,0.00,0.00
oren_scrap2_Polygon-14,oren,2.0,0.00,0.00,0.00
oren_scrap2_Polygon-23,oren,2.0,0.00,0.00,0.00
oren_scrap2_Polygon-13,oren,2.0,0.00,0.00,0.00
oren_scrap2_Polygon-16,oren,2.0,0.00,0.00,0.00
oren_scrap2_Polygon-27,oren,2.0,56.82,45.46,56.82
oren_scrap2_Polygon-20,oren,2.0,0.00,0.00,0.00
oren_scrap2_Polygon-26,oren,2.0,0.00,0.00,0.00
oren_scrap2_Polygon-22,oren,2.0,0.00,0.00,0.00
oren_scrap2_Polygon-2,oren,2.0,53.97,53.97,26.99
oren_scrap2_Polygon-6,oren,2.0,0.00,56.42,28.21
oren_scrap2_Polygon-7,oren,2.0,0.00,0.00,0.00
oren_scrap2_Polygon-10,oren,2.0,74.44,0.00,69.48
oren_scrap2_Polygon-5,oren,2.0,0.00,0.00,0.00
oren_scrap2_Polygon-9,oren,2.0,76.97,0.00,71.84
oren_scrap2_Polygon-3,oren,2.0,0.00,0.00,0.00
oren_scrap2_Polygon-18,oren,2.0,0.00,0.00,0.00
oren_scrap2_Polygon-11,oren,2.0,0.00,0.00,0.00
oren_scrap2_Polygon-21,oren,2.0,0.00,0.00,0.00
oren_scrap2_Polygon-17,oren,2.0,0.00,0.00,0.00
oren_scrap2_Polygon-4,oren,2.0,0.00,0.00,0.00
oren_scrap2_Polygon-19,oren,2.0,0.00,0.00,0.00
oren_scrap2_Polygon-12,oren,2.0,0.00,0.00,0.00
oren_scrap2_Polygon-25,oren,2.0,0.00,0.00,0.00
oren_scrap2_Polygon-15,oren,2.0,0.00,0.00,0.00
oren_scrap2_Polygon-8,oren,2.0,0.00,0.00,0.00
oren_scrap2_Polygon-24,oren,2.0,0.00,0.00,0.00
oren_scrap1_Polygon-2,oren,2.0,50.13,50.13,25.06
oren_scrap1_Polygon-7,oren,2.0,0.00,0.00,0.00
oren_scrap1_Polygon-4,oren,2.0,56.25,0.00,28.12
oren_scrap1_Polygon-9,oren,2.0,91.35,90.56,89.78
oren_scrap1_Polygon-6,oren,2.0,0.00,0.00,0.00
oren_scrap1_Polygon-3,oren,2.0,0.00,0.00,0.00
oren_scrap1_Polygon-5,oren,2.0,0.00,0.00,0.00
oren_scrap1_Polygon-8,oren,2.0,0.00,0.00,0.00
oren_scrap4_Polygon-2,oren,2.0,0.00,0.00,0.00
oren_scrap4_Polygon-7,oren,2.0,37.75,37.75,0.00
oren_scrap4_Polygon-3,oren,2.0,0.00,0.00,0.00
oren_scrap4_Polygon-8,oren,2.0,57.04,42.78,42.78
oren_scrap4_Polygon-9,oren,2.0,40.17,40.17,40.17
oren_scrap4_Polygon-10,oren,2.0,73.13,69.47,69.47
oren_scrap4_Polygon-11,oren,2.0,56.85,0.00,37.90
oren_scrap4_Polygon-5,oren,2.0,40.02,40.02,20.01
oren_scrap4_Polygon-4,oren,2.0,70.65,47.10,56.52
oren_scrap4_Polygon-6,oren,2.0,0.00,48.47,0.00
oren_scrap3_Polygon-18,oren,2.0,48.03,24.02,48.03
oren_scrap3_Polygon-2,oren,2.0,0.00,0.00,0.00
oren_scrap3_Polygon-4,oren,2.0,0.00,0.00,0.00
oren_scrap3_Polygon-12,oren,2.0,58.82,71.90,52.29
oren_scrap3_Polygon-5,oren,2.0,0.00,0.00,0.00
oren_scrap3_Polygon-19,oren,2.0,38.76,38.76,0.00
oren_scrap3_Polygon-17,oren,2.0,43.94,65.92,21.97
oren_scrap3_Polygon-16,oren,2.0,52.44,0.00,26.22
oren_scrap3_Polygon-14,oren,2.0,52.77,52.77,0.00
oren_scrap3_Polygon-20,oren,2.0,0.00,0.00,0.00
oren_scrap3_Polygon-6,oren,2.0,0.00,0.00,0.00
oren_scrap3_Polygon-15,oren,2.0,0.00,0.00,42.43
oren_scrap3_Polygon-10,oren,2.0,0.00,0.00,0.00
oren_scrap3_Polygon-7,oren,2.0,37.97,37.97,18.99
oren_scrap3_Polygon-9,oren,2.0,0.00,0.00,0.00
oren_scrap3_Polygon-3,oren,2.0,0.00,0.00,28.82
oren_scrap3_Polygon-11,oren,2.0,0.00,0.00,0.00
oren_scrap3_Polygon-8,oren,2.0,0.00,0.00,0.00
oren_scrap3_Polygon-13,oren,2.0,36.67,36.67,0.00
oren_scrap5_Polygon-3,oren,2.0,80.15,82.47,83.63
oren_scrap5_Polygon-2,oren,2.0,85.75,83.60,77.17
oren_scrap5_Polygon-4,oren,2.0,64.35,68.37,60.33
fabscrap_scraps7_Polygon-3,fabscrap,2.0,63.47,83.94,81.90
fabscrap_scraps7_Polygon-4,fabscrap,2.0,50.86,76.29,63.57
fabscrap_scraps7_Polygon-2,fabscrap,2.0,39.66,13.22,52.88
fabscrap_scraps8_Polygon-5,fabscrap,2.0,60.07,60.07,60.07
fabscrap_scraps8_Polygon-3,fabscrap,2.0,0.00,0.00,0.00
fabscrap_scraps8_Polygon-2,fabscrap,2.0,54.15,60.92,67.68
fabscrap_scraps8_Polygon-6,fabscrap,2.0,81.31,79.62,71.15
fabscrap_scraps8_Polygon-4,fabscrap,2.0,0.00,0.00,0.00
fabscrap_scraps10_Polygon-6,fabscrap,2.0,0.00,0.00,0.00
fabscrap_scraps10_Polygon-4,fabscrap,2.0,0.00,0.00,36.91
fabscrap_scraps10_Polygon-3,fabscrap,2.0,0.00,0.00,0.00
fabscrap_scraps10_Polygon-10,fabscrap,2.0,58.81,74.85,64.16
fabscrap_scraps10_Polygon-7,fabscrap,2.0,41.07,51.34,41.07
fabscrap_scraps10_Polygon-8,fabscrap,2.0,50.47,0.00,50.47
fabscrap_scraps10_Polygon-9,fabscrap,2.0,0.00,0.00,0.00
fabscrap_scraps10_Polygon-2,fabscrap,2.0,73.06,82.19,73.06
fabscrap_scraps10_Polygon-5,fabscrap,2.0,0.00,0.00,0.00
fabscrap_scraps5_Polygon-7,fabscrap,2.0,0.00,0.00,0.00
fabscrap_scraps5_Polygon-5,fabscrap,2.0,0.00,0.00,0.00
fabscrap_scraps5_Polygon-6,fabscrap,2.0,0.00,0.00,0.00
fabscrap_scraps5_Polygon-8,fabscrap,2.0,77.77,58.33,58.33
fabscrap_scraps5_Polygon-2,fabscrap,2.0,50.61,75.92,37.96
fabscrap_scraps5_Polygon-3,fabscrap,2.0,0.00,0.00,0.00
fabscrap_scraps5_Polygon-9,fabscrap,2.0,56.73,75.64,47.28
fabscrap_scraps5_Polygon-4,fabscrap,2.0,0.00,0.00,0.00
fabscrap_scraps6_Polygon-4,fabscrap,2.0,0.00,0.00,0.00
fabscrap_scraps6_Polygon-3,fabscrap,2.0,0.00,0.00,0.00
fabscrap_scraps6_Polygon-2,fabscrap,2.0,0.00,0.00,38.02
fabscrap_scraps9_Polygon-2,fabscrap,2.0,76.33,79.52,77.93
fabscrap_scraps9_Polygon-3,fabscrap,2.0,66.22,74.49,66.22
fabscrap_scraps9_Polygon-4,fabscrap,2.0,75.93,74.03,72.13
bag1_scrap1_Polygon-2,bag1,2.0,57.78,82.54,80.48
bag1_scrap1_Polygon-4,bag1,2.0,79.63,76.68,78.16
bag1_scrap1_Polygon-3,bag1,2.0,73.07,49.82,63.11
bag1_scrap1_Polygon-5,bag1,2.0,66.08,57.82,49.56
bag1_scrap4_Polygon-2,bag1,2.0,53.44,53.44,38.17
bag1_scrap4_Polygon-7,bag1,2.0,83.48,54.02,76.12
bag1_scrap4_Polygon-3,bag1,2.0,79.28,52.85,72.67
bag1_scrap4_Polygon-5,bag1,2.0,65.72,82.15,54.77
bag1_scrap4_Polygon-4,bag1,2.0,68.29,51.22,51.22
bag1_scrap4_Polygon-6,bag1,2.0,49.60,49.60,55.80
bag1_scrap3_Polygon-2,bag1,2.0,58.82,44.11,58.82
bag1_scrap3_Polygon-4,bag1,2.0,74.90,69.90,77.89
bag1_scrap3_Polygon-5,bag1,2.0,66.84,54.31,62.66
bag1_scrap3_Polygon-3,bag1,2.0,74.47,78.94,77.45
bag1_scrap9_Polygon-5,bag1,2.0,74.86,0.00,71.45
bag1_scrap9_Polygon-4,bag1,2.0,72.11,52.22,64.65
bag1_scrap9_Polygon-3,bag1,2.0,56.10,44.88,58.59
bag1_scrap9_Polygon-2,bag1,2.0,49.72,63.92,62.74
bag1_scrap5_Polygon-5,bag1,2.0,56.34,77.47,42.25
bag1_scrap5_Polygon-3,bag1,2.0,62.24,46.68,54.46
bag1_scrap5_Polygon-6,bag1,2.0,61.80,41.20,61.80
bag1_scrap5_Polygon-7,bag1,2.0,69.92,67.33,76.40
bag1_scrap5_Polygon-2,bag1,2.0,59.54,80.55,56.03
bag1_scrap5_Polygon-4,bag1,2.0,56.22,42.17,42.17
bag1_scrap8_Polygon-3,bag1,2.0,53.79,45.03,50.04
bag1_scrap8_Polygon-4,bag1,2.0,52.18,65.85,50.94
bag1_scrap8_Polygon-2,bag1,2.0,65.18,58.66,56.49
bag1_scrap8_Polygon-5,bag1,2.0,61.35,81.80,58.43
bag1_scrap2_Polygon-2,bag1,2.0,47.86,65.49,64.23
bag1_scrap2_Polygon-6,bag1,2.0,48.63,63.99,55.03
bag1_scrap2_Polygon-5,bag1,2.0,62.94,57.21,68.66
bag1_scrap2_Polygon-3,bag1,2.0,73.25,48.84,69.18
bag1_scrap2_Polygon-4,bag1,2.0,71.66,44.79,53.75
bag1_scrap6_Polygon-5,bag1,2.0,71.55,57.66,79.02
bag1_scrap6_Polygon-2,bag1,2.0,85.33,55.21,75.29
bag1_scrap6_Polygon-4,bag1,2.0,69.76,54.00,76.51
bag1_scrap6_Polygon-3,bag1,2.0,54.62,72.82,63.72
bag1_scrap7_Polygon-3,bag1,2.0,89.18,89.18,74.32
bag1_scrap7_Polygon-6,bag1,2.0,64.19,44.93,64.19
bag1_scrap7_Polygon-2,bag1,2.0,59.37,75.20,77.84
bag1_scrap7_Polygon-4,bag1,2.0,77.56,0.00,66.48
bag1_scrap7_Polygon-5,bag1,2.0,72.13,48.08,60.10
bag1_scrap7_Polygon-7,bag1,2.0,50.41,70.57,45.36
bag1_scrap10_Polygon-3,bag1,2.0,74.01,78.12,61.67
bag1_scrap10_Polygon-4,bag1,2.0,45.24,45.24,68.41
bag1_scrap10_Polygon-2,bag1,2.0,65.89,82.78,74.34
bag4_scrap1_Polygon-2,bag4,2.0,82.36,84.82,76.22
bag4_scrap1_Polygon-4,bag4,2.0,61.53,38.19,59.41
bag4_scrap1_Polygon-3,bag4,2.0,82.09,74.35,74.35
bag4_scrap4_Polygon-2,bag4,2.0,65.01,53.71,65.01
bag4_scrap4_Polygon-3,bag4,2.0,89.71,77.75,80.74
bag4_scrap3_Polygon-2,bag4,2.0,44.53,51.96,51.96
bag4_scrap3_Polygon-4,bag4,2.0,66.51,51.73,51.73
bag4_scrap3_Polygon-12,bag4,2.0,51.82,44.42,51.82
bag4_scrap3_Polygon-5,bag4,2.0,64.01,49.78,49.78
bag4_scrap3_Polygon-14,bag4,2.0,65.48,50.93,50.93
bag4_scrap3_Polygon-6,bag4,2.0,69.56,49.94,68.67
bag4_scrap3_Polygon-10,bag4,2.0,53.76,67.20,47.04
bag4_scrap3_Polygon-7,bag4,2.0,45.55,63.77,82.00
bag4_scrap3_Polygon-9,bag4,2.0,66.24,44.16,58.88
bag4_scrap3_Polygon-3,bag4,2.0,68.22,45.48,53.06
bag4_scrap3_Polygon-11,bag4,2.0,53.91,67.39,47.17
bag4_scrap3_Polygon-8,bag4,2.0,57.27,57.27,50.12
bag4_scrap3_Polygon-13,bag4,2.0,67.31,44.87,52.35
bag4_scrap5_Polygon-5,bag4,2.0,73.72,78.32,55.29
bag4_scrap5_Polygon-3,bag4,2.0,84.29,80.07,84.29
bag4_scrap5_Polygon-2,bag4,2.0,53.82,70.82,49.57
bag4_scrap5_Polygon-4,bag4,2.0,70.67,79.50,53.00
bag4_scrap2_Polygon-2,bag4,2.0,85.06,82.02,75.95
bag4_scrap2_Polygon-3,bag4,2.0,65.12,53.89,59.51
bag4_scrap6_Polygon-5,bag4,2.0,66.50,60.95,49.87
bag4_scrap6_Polygon-2,bag4,2.0,92.21,79.56,84.08
bag4_scrap6_Polygon-4,bag4,2.0,69.72,83.67,55.78
bag4_scrap6_Polygon-3,bag4,2.0,55.07,82.61,72.28
bag4_scrap6_Polygon-7,bag4,2.0,60.23,80.31,45.17
bag4_scrap6_Polygon-6,bag4,2.0,69.10,46.07,57.58
bag4_scrap7_Polygon-3,bag4,2.0,63.74,81.32,61.54
bag4_scrap7_Polygon-2,bag4,2.0,74.71,80.55,77.05
bag4_scrap7_Polygon-4,bag4,2.0,63.45,77.25,71.73
bag4_scrap7_Polygon-5,bag4,2.0,81.49,77.11,81.49
bag4_scrap9_Polygon-3,bag4,2.0,66.19,85.65,81.76
bag4_scrap9_Polygon-2,bag4,2.0,68.95,66.30,70.28
bag4_scrap8_Polygon-2,bag4,2.0,88.29,86.31,84.74
etsybag_scrap10_Polygon-11,etsybag,2.0,62.66,0.00,31.33
etsybag_scrap10_Polygon-22,etsybag,2.0,62.94,0.00,31.47
etsybag_scrap10_Polygon-5,etsybag,2.0,35.15,0.00,35.15
etsybag_scrap10_Polygon-14,etsybag,2.0,33.42,0.00,33.42
etsybag_scrap10_Polygon-19,etsybag,2.0,68.57,0.00,51.42
etsybag_scrap10_Polygon-10,etsybag,2.0,64.40,0.00,32.20
etsybag_scrap10_Polygon-18,etsybag,2.0,70.73,0.00,53.05
etsybag_scrap10_Polygon-9,etsybag,2.0,0.00,0.00,37.53
etsybag_scrap10_Polygon-28,etsybag,2.0,65.87,0.00,32.94
etsybag_scrap10_Polygon-3,etsybag,2.0,61.78,0.00,30.89
etsybag_scrap10_Polygon-24,etsybag,2.0,62.86,0.00,31.43
etsybag_scrap10_Polygon-27,etsybag,2.0,65.30,0.00,32.65
etsybag_scrap10_Polygon-32,etsybag,2.0,43.60,43.60,21.80
etsybag_scrap10_Polygon-17,etsybag,2.0,61.35,0.00,30.67
etsybag_scrap10_Polygon-21,etsybag,2.0,64.54,0.00,32.27
etsybag_scrap10_Polygon-25,etsybag,2.0,63.76,0.00,31.88
etsybag_scrap10_Polygon-15,etsybag,2.0,67.48,0.00,33.74
etsybag_scrap10_Polygon-12,etsybag,2.0,67.32,0.00,33.66
etsybag_scrap10_Polygon-4,etsybag,2.0,30.35,0.00,30.35
etsybag_scrap10_Polygon-2,etsybag,2.0,69.84,0.00,34.92
etsybag_scrap10_Polygon-8,etsybag,2.0,33.90,0.00,33.90
etsybag_scrap10_Polygon-6,etsybag,2.0,68.70,0.00,34.35
etsybag_scrap10_Polygon-30,etsybag,2.0,67.09,0.00,33.55
etsybag_scrap10_Polygon-20,etsybag,2.0,68.25,0.00,34.13
etsybag_scrap10_Polygon-23,etsybag,2.0,31.87,0.00,31.87
etsybag_scrap10_Polygon-7,etsybag,2.0,68.99,0.00,34.49
etsybag_scrap10_Polygon-31,etsybag,2.0,42.74,42.74,21.37
etsybag_scrap10_Polygon-13,etsybag,2.0,33.87,0.00,33.87
etsybag_scrap10_Polygon-16,etsybag,2.0,63.34,0.00,31.67
etsybag_scrap10_Polygon-29,etsybag,2.0,57.91,0.00,28.95
etsybag_scrap10_Polygon-26,etsybag,2.0,0.00,0.00,33.97
etsybag_scrap1_Polygon-2,etsybag,2.0,62.29,0.00,31.14
etsybag_scrap1_Polygon-7,etsybag,2.0,62.92,47.19,62.92
etsybag_scrap1_Polygon-4,etsybag,2.0,32.27,0.00,32.27
etsybag_scrap1_Polygon-6,etsybag,2.0,31.67,0.00,31.67
etsybag_scrap1_Polygon-3,etsybag,2.0,63.45,0.00,47.59
etsybag_scrap1_Polygon-5,etsybag,2.0,66.45,0.00,33.23
etsybag_scrap1_Polygon-8,etsybag,2.0,0.00,0.00,0.00
etsybag_scrap4_Polygon-2,etsybag,2.0,81.99,79.94,73.79
etsybag_scrap4_Polygon-3,etsybag,2.0,60.32,67.86,60.32
etsybag_scrap4_Polygon-5,etsybag,2.0,55.17,73.56,49.91
etsybag_scrap4_Polygon-4,etsybag,2.0,57.06,76.07,52.98
etsybag_scrap7_Polygon-8,etsybag,2.0,80.39,73.69,70.35
etsybag_scrap7_Polygon-3,etsybag,2.0,80.18,50.11,70.15
etsybag_scrap7_Polygon-6,etsybag,2.0,71.60,49.23,62.65
etsybag_scrap7_Polygon-2,etsybag,2.0,34.47,0.00,0.00
etsybag_scrap7_Polygon-4,etsybag,2.0,62.36,31.18,31.18
etsybag_scrap7_Polygon-5,etsybag,2.0,62.71,78.39,54.87
etsybag_scrap7_Polygon-7,etsybag,2.0,77.90,48.68,68.16
etsybag_scrap3_Polygon-2,etsybag,2.0,0.00,0.00,0.00
etsybag_scrap3_Polygon-4,etsybag,2.0,53.56,53.56,66.95
etsybag_scrap3_Polygon-5,etsybag,2.0,47.97,65.96,59.96
etsybag_scrap3_Polygon-6,etsybag,2.0,56.29,37.52,37.52
etsybag_scrap3_Polygon-7,etsybag,2.0,71.77,53.82,61.51
etsybag_scrap3_Polygon-3,etsybag,2.0,58.06,77.42,72.58
etsybag_scrap8_Polygon-6,etsybag,2.0,64.23,48.18,48.18
etsybag_scrap8_Polygon-9,etsybag,2.0,63.32,47.49,47.49
etsybag_scrap8_Polygon-3,etsybag,2.0,62.62,46.97,46.97
etsybag_scrap8_Polygon-7,etsybag,2.0,62.30,46.73,46.73
etsybag_scrap8_Polygon-4,etsybag,2.0,60.07,45.05,45.05
etsybag_scrap8_Polygon-2,etsybag,2.0,60.45,45.34,45.34
etsybag_scrap8_Polygon-10,etsybag,2.0,63.27,47.45,47.45
etsybag_scrap8_Polygon-5,etsybag,2.0,62.67,47.00,47.00
etsybag_scrap8_Polygon-8,etsybag,2.0,62.26,46.70,46.70
etsybag_scrap2_Polygon-2,etsybag,2.0,68.67,68.67,68.67
etsybag_scrap2_Polygon-6,etsybag,2.0,68.00,0.00,34.00
etsybag_scrap2_Polygon-7,etsybag,2.0,33.32,0.00,33.32
etsybag_scrap2_Polygon-5,etsybag,2.0,63.62,47.72,47.72
etsybag_scrap2_Polygon-9,etsybag,2.0,62.52,0.00,31.26
etsybag_scrap2_Polygon-3,etsybag,2.0,62.32,46.74,46.74
etsybag_scrap2_Polygon-4,etsybag,2.0,63.94,47.95,47.95
etsybag_scrap2_Polygon-8,etsybag,2.0,62.79,0.00,31.40
etsybag_scrap5_Polygon-3,etsybag,2.0,59.46,66.90,66.90
etsybag_scrap5_Polygon-2,etsybag,2.0,93.10,87.41,84.30
etsybag_scrap5_Polygon-4,etsybag,2.0,72.15,54.12,54.12
etsybag_scrap6_Polygon-2,etsybag,2.0,70.71,70.71,81.02
etsybag_scrap6_Polygon-4,etsybag,2.0,73.50,50.82,68.97
etsybag_scrap6_Polygon-3,etsybag,2.0,75.44,66.82,64.66
etsybag_scrap9_Polygon-4,etsybag,2.0,27.00,54.00,40.50
etsybag_scrap9_Polygon-3,etsybag,2.0,63.81,70.64,59.25
etsybag_scrap9_Polygon-2,etsybag,2.0,72.80,66.19,83.84
linen_scrap2-3_Polygon6,linen,2.0,77.14,72.31,57.85
linen_scrap2-3_Polygon2,linen,2.0,74.83,66.51,62.36
linen_scrap2-3_Polygon4,linen,2.0,63.82,80.61,67.18
linen_scrap2-3_Polygon3,linen,2.0,68.79,61.15,64.97
linen_scrap2-3_Polygon5,linen,2.0,67.64,72.47,67.64
linen_scrap3-1_Polygon4,linen,2.0,50.67,50.67,67.56
linen_scrap3-1_Polygon6,linen,2.0,60.52,60.52,60.52
linen_scrap3-1_Polygon7,linen,2.0,70.54,62.70,58.78
linen_scrap3-1_Polygon2,linen,2.0,62.79,62.79,62.79
linen_scrap3-1_Polygon8,linen,2.0,52.69,81.06,72.95
linen_scrap3-1_Polygon3,linen,2.0,47.69,71.53,47.69
linen_scrap3-1_Polygon5,linen,2.0,62.53,78.17,62.53
linen_scrap2-2_Polygon9,linen,2.0,55.51,41.63,48.57
linen_scrap2-2_Polygon5,linen,2.0,42.82,64.23,64.23
linen_scrap2-2_Polygon7,linen,2.0,53.29,66.61,46.63
linen_scrap2-2_Polygon8,linen,2.0,70.76,70.76,60.65
linen_scrap2-2_Polygon3,linen,2.0,59.67,59.67,59.67
linen_scrap2-2_Polygon4,linen,2.0,44.46,72.24,50.01
linen_scrap2-2_Polygon6,linen,2.0,54.64,40.98,54.64
linen_scrap2-2_Polygon2,linen,2.0,47.22,68.21,62.96
linen_scrap1-2_Polygon3,linen,2.0,60.46,67.18,60.46
linen_scrap1-2_Polygon4,linen,2.0,47.11,78.51,70.66
linen_scrap1-2_Polygon2,linen,2.0,68.41,76.01,68.41
linen_scrap1-2_Polygon5,linen,2.0,63.91,75.19,67.67
linen_scrap1-1_Polygon4,linen,2.0,74.76,62.30,56.07
linen_scrap1-1_Polygon7,linen,2.0,66.04,69.52,62.57
linen_scrap1-1_Polygon6,linen,2.0,76.70,63.91,60.72
linen_scrap1-1_Polygon2,linen,2.0,59.05,62.33,68.89
linen_scrap1-1_Polygon5,linen,2.0,67.28,84.83,70.20
linen_scrap1-1_Polygon3,linen,2.0,69.82,58.18,61.09
linen_scrap3-2_Polygon4,linen,2.0,36.09,36.09,36.09
linen_scrap3-2_Polygon6,linen,2.0,43.88,43.88,43.88
linen_scrap3-2_Polygon3,linen,2.0,48.87,48.87,36.65
linen_scrap3-2_Polygon5,linen,2.0,65.25,48.94,48.94
linen_scrap3-2_Polygon2,linen,2.0,54.84,41.13,27.42
linen_scrap2-1_Polygon11,linen,2.0,28.93,57.87,28.93
linen_scrap2-1_Polygon10,linen,2.0,47.83,47.83,23.92
linen_scrap2-1_Polygon9,linen,2.0,26.42,52.83,26.42
linen_scrap2-1_Polygon8,linen,2.0,26.91,53.83,53.83
linen_scrap2-1_Polygon5,linen,2.0,0.00,0.00,0.00
linen_scrap2-1_Polygon2,linen,2.0,39.00,58.51,29.25
linen_scrap2-1_Polygon4,linen,2.0,41.84,41.84,52.30
linen_scrap2-1_Polygon6,linen,2.0,51.52,51.52,25.76
linen_scrap2-1_Polygon3,linen,2.0,35.39,47.19,23.60
linen_scrap2-1_Polygon7,linen,2.0,34.90,52.35,17.45
linen_scrap2-1_Polygon12,linen,2.0,26.28,52.56,26.28
etsybag2_scraps1_Polygon-3,etsybag2,2.0,84.95,55.22,76.46
etsybag2_scraps1_Polygon-2,etsybag2,2.0,73.55,49.03,67.42
etsybag2_scraps1_Polygon-5,etsybag2,2.0,53.76,71.68,44.80
etsybag2_scraps1_Polygon-4,etsybag2,2.0,67.00,80.40,60.30
