scrap_id,folder,scrap_area_in2,isosceles_triangles,isosceles_recovery_pct,306090_triangles,306090_recovery_pct,equilateral_triangles,equilateral_recovery_pct
audrey_scrap2_Polygon-14,audrey,11.63,10,43.01,16,68.81,12,51.61
audrey_scrap2_Polygon-13,audrey,11.83,10,42.25,16,67.60,12,50.70
audrey_scrap2_Polygon-16,audrey,14.35,16,55.75,24,83.63,21,73.18
audrey_scrap2_Polygon-2,audrey,23.93,36,75.23,24,50.16,32,66.87
audrey_scrap2_Polygon-6,audrey,6.08,8,65.75,8,65.75,4,32.87
audrey_scrap2_Polygon-7,audrey,41.62,61,73.28,42,50.45,58,69.68
audrey_scrap2_Polygon-10,audrey,11.35,10,44.06,16,70.50,12,52.88
audrey_scrap2_Polygon-5,audrey,2.61,2,38.28,2,38.28,1,19.14
audrey_scrap2_Polygon-9,audrey,11.20,10,44.64,15,66.96,11,49.11
audrey_scrap2_Polygon-3,audrey,1.23,1,40.52,0,0.00,0,0.00
audrey_scrap2_Polygon-18,audrey,11.56,12,51.91,14,60.57,10,43.26
audrey_scrap2_Polygon-11,audrey,11.36,10,44.03,16,70.45,12,52.84
audrey_scrap2_Polygon-17,audrey,7.68,8,52.07,0,0.00,8,52.07
audrey_scrap2_Polygon-4,audrey,4.57,6,65.67,0,0.00,4,43.78
audrey_scrap2_Polygon-12,audrey,11.37,10,43.99,16,70.38,12,52.78
audrey_scrap2_Polygon-15,audrey,14.04,16,56.97,24,85.45,17,60.53
audrey_scrap2_Polygon-8,audrey,55.98,64,57.16,86,76.81,60,53.59
audrey_scrap4_Polygon-25,audrey,32.04,48,74.90,48,74.90,46,71.78
audrey_scrap4_Polygon-2,audrey,11.20,13,58.05,10,44.65,7,31.26
audrey_scrap4_Polygon-7,audrey,10.05,10,49.77,16,79.63,10,49.77
audrey_scrap4_Polygon-23,audrey,7.39,6,40.58,8,54.11,8,54.11
audrey_scrap4_Polygon-3,audrey,18.76,24,63.98,30,79.97,28,74.64
audrey_scrap4_Polygon-24,audrey,9.23,10,54.20,15,81.30,8,43.36
audrey_scrap4_Polygon-14,audrey,2.50,2,39.96,4,79.91,2,39.96
audrey_scrap4_Polygon-8,audrey,10.77,10,46.42,15,69.62,11,51.06
audrey_scrap4_Polygon-18,audrey,6.18,7,56.59,8,64.68,6,48.51
audrey_scrap4_Polygon-26,audrey,6.20,10,80.59,8,64.47,4,32.24
audrey_scrap4_Polygon-20,audrey,6.51,5,38.42,8,61.47,6,46.10
audrey_scrap4_Polygon-17,audrey,4.66,6,64.35,4,42.90,3,32.18
audrey_scrap4_Polygon-13,audrey,5.30,6,56.63,4,37.75,4,37.75
audrey_scrap4_Polygon-9,audrey,5.30,4,37.73,8,75.45,4,37.73
audrey_scrap4_Polygon-10,audrey,4.93,4,40.58,5,50.73,4,40.58
audrey_scrap4_Polygon-12,audrey,4.79,5,52.22,4,41.77,3,31.33
audrey_scrap4_Polygon-11,audrey,10.80,10,46.29,16,74.07,12,55.55
audrey_scrap4_Polygon-16,audrey,6.19,4,32.28,8,64.57,6,48.43
audrey_scrap4_Polygon-19,audrey,5.35,6,56.09,4,37.39,4,37.39
audrey_scrap4_Polygon-5,audrey,18.10,24,66.31,27,74.59,21,58.02
audrey_scrap4_Polygon-22,audrey,9.13,8,43.82,12,65.74,10,54.78
audrey_scrap4_Polygon-27,audrey,8.91,12,67.37,12,67.37,9,50.53
audrey_scrap4_Polygon-21,audrey,5.44,4,36.77,8,73.53,6,55.15
audrey_scrap4_Polygon-15,audrey,2.51,2,39.90,1,19.95,2,39.90
audrey_scrap4_Polygon-28,audrey,9.97,12,60.18,14,70.21,12,60.18
audrey_scrap4_Polygon-4,audrey,26.31,33,62.71,36,68.41,35,66.51
audrey_scrap4_Polygon-6,audrey,10.58,18,85.05,16,75.60,15,70.88
audrey_scrap1_Polygon-2,audrey,20.88,20,47.88,32,76.61,22,52.67
audrey_scrap1_Polygon-11,audrey,12.46,12,48.15,16,64.20,13,52.16
audrey_scrap1_Polygon-7,audrey,11.67,18,77.11,16,68.55,15,64.26
audrey_scrap1_Polygon-14,audrey,35.73,46,64.37,42,58.77,51,71.36
audrey_scrap1_Polygon-4,audrey,7.95,6,37.73,12,75.46,8,50.31
audrey_scrap1_Polygon-15,audrey,39.44,50,63.39,37,46.91,49,62.12
audrey_scrap1_Polygon-10,audrey,4.30,4,46.50,4,46.50,2,23.25
audrey_scrap1_Polygon-9,audrey,21.07,21,49.83,26,61.69,33,78.30
audrey_scrap1_Polygon-12,audrey,2.80,0,0.00,2,35.75,0,0.00
audrey_scrap1_Polygon-6,audrey,10.51,12,57.07,15,71.33,8,38.04
audrey_scrap1_Polygon-3,audrey,28.38,48,84.58,36,63.44,34,59.91
audrey_scrap1_Polygon-5,audrey,8.00,6,37.50,12,74.99,8,50.00
audrey_scrap1_Polygon-13,audrey,18.52,18,48.60,27,72.90,18,48.60
audrey_scrap1_Polygon-8,audrey,81.75,149,91.13,142,86.85,137,83.79
audrey_scrap5_Polygon-12,audrey,6.99,6,42.94,8,57.25,6,42.94
audrey_scrap5_Polygon-20,audrey,77.95,96,61.58,63,40.41,98,62.86
audrey_scrap5_Polygon-10,audrey,4.18,0,0.00,0,0.00,0,0.00
audrey_scrap5_Polygon-5,audrey,9.62,12,62.38,12,62.38,11,57.18
audrey_scrap5_Polygon-17,audrey,14.52,14,48.20,18,61.97,13,44.76
audrey_scrap5_Polygon-16,audrey,6.81,6,44.04,8,58.72,5,36.70
audrey_scrap5_Polygon-18,audrey,17.34,28,80.75,18,51.91,26,74.98
audrey_scrap5_Polygon-9,audrey,59.86,94,78.52,90,75.18,93,77.68
audrey_scrap5_Polygon-3,audrey,7.97,8,50.17,10,62.71,8,50.17
audrey_scrap5_Polygon-13,audrey,7.11,6,42.17,8,56.23,6,42.17
audrey_scrap5_Polygon-19,audrey,7.21,6,41.59,8,55.45,6,41.59
audrey_scrap5_Polygon-6,audrey,8.60,12,69.75,10,58.13,9,52.31
audrey_scrap5_Polygon-14,audrey,7.09,6,42.31,8,56.42,6,42.31
audrey_scrap5_Polygon-7,audrey,9.34,11,58.91,10,53.55,10,53.55
audrey_scrap5_Polygon-2,audrey,9.05,8,44.19,10,55.23,12,66.28
audrey_scrap5_Polygon-8,audrey,8.68,11,63.37,10,57.61,8,46.09
audrey_scrap5_Polygon-21,audrey,34.59,41,59.27,28,40.48,37,53.49
audrey_scrap5_Polygon-15,audrey,21.81,35,80.23,24,55.02,31,71.06
audrey_scrap5_Polygon-4,audrey,6.80,7,51.46,8,58.81,9,66.16
audrey_scrap5_Polygon-11,audrey,7.54,6,39.77,8,53.03,6,39.77
audrey_scrap3_Polygon-18,audrey,11.24,10,44.49,16,71.19,12,53.39
audrey_scrap3_Polygon-2,audrey,34.41,50,72.66,56,81.38,54,78.47
audrey_scrap3_Polygon-4,audrey,4.28,4,46.73,4,46.73,4,46.73
audrey_scrap3_Polygon-12,audrey,5.50,7,63.58,5,45.41,5,45.41
audrey_scrap3_Polygon-5,audrey,38.36,67,87.33,64,83.42,60,78.21
audrey_scrap3_Polygon-17,audrey,10.08,8,39.67,11,54.55,8,39.67
audrey_scrap3_Polygon-16,audrey,14.38,16,55.64,18,62.59,15,52.16
audrey_scrap3_Polygon-14,audrey,4.05,0,0.00,0,0.00,0,0.00
audrey_scrap3_Polygon-6,audrey,11.91,10,41.98,16,67.18,12,50.38
audrey_scrap3_Polygon-15,audrey,14.66,18,61.38,18,61.38,15,51.15
audrey_scrap3_Polygon-10,audrey,36.80,60,81.53,53,72.02,56,76.10
audrey_scrap3_Polygon-7,audrey,6.34,2,15.78,7,55.23,0,0.00
audrey_scrap3_Polygon-9,audrey,15.90,21,66.04,24,75.48,18,56.61
audrey_scrap3_Polygon-3,audrey,36.24,60,82.79,56,77.27,54,74.51
audrey_scrap3_Polygon-11,audrey,16.14,19,58.85,24,74.34,22,68.14
audrey_scrap3_Polygon-8,audrey,37.85,60,79.25,64,84.53,55,72.65
audrey_scrap3_Polygon-13,audrey,5.86,6,51.15,5,42.63,4,34.10
audrey_scrap7_Polygon-8,audrey,11.70,10,42.73,16,68.37,12,51.28
audrey_scrap7_Polygon-15,audrey,11.70,10,42.73,16,68.37,12,51.28
audrey_scrap7_Polygon-12,audrey,12.50,24,96.01,16,64.00,12,48.00
audrey_scrap7_Polygon-3,audrey,11.28,10,44.33,16,70.92,11,48.76
audrey_scrap7_Polygon-17,audrey,11.47,11,47.97,15,65.41,11,47.97
audrey_scrap7_Polygon-6,audrey,11.63,10,42.99,16,68.78,12,51.59
audrey_scrap7_Polygon-2,audrey,11.74,10,42.61,15,63.91,12,51.13
audrey_scrap7_Polygon-9,audrey,12.69,12,47.29,20,78.82,14,55.17
audrey_scrap7_Polygon-4,audrey,11.84,11,46.44,14,59.11,11,46.44
audrey_scrap7_Polygon-18,audrey,12.40,10,40.34,16,64.54,12,48.41
audrey_scrap7_Polygon-5,audrey,11.80,10,42.37,15,63.56,11,46.61
audrey_scrap7_Polygon-11,audrey,12.17,12,49.30,16,65.74,12,49.30
audrey_scrap7_Polygon-19,audrey,11.17,11,49.23,14,62.65,10,44.75
audrey_scrap7_Polygon-10,audrey,12.03,12,49.88,16,66.51,12,49.88
audrey_scrap7_Polygon-7,audrey,11.63,10,43.01,16,68.81,12,51.61
audrey_scrap7_Polygon-21,audrey,13.32,21,78.82,16,60.05,12,45.04
audrey_scrap7_Polygon-14,audrey,11.36,11,48.44,15,66.05,11,48.44
audrey_scrap7_Polygon-22,audrey,12.79,14,54.72,16,62.54,12,46.90
audrey_scrap7_Polygon-20,audrey,12.89,12,46.55,16,62.07,12,46.55
audrey_scrap7_Polygon-16,audrey,11.51,11,47.77,16,69.49,12,52.11
audrey_scrap7_Polygon-13,audrey,12.01,12,49.95,16,66.60,12,49.95
audrey_scrap6_Polygon-5,audrey,62.33,104,83.43,102,81.83,92,73.81
audrey_scrap6_Polygon-2,audrey,129.14,219,84.79,216,83.63,215,83.25
audrey_scrap6_Polygon-4,audrey,48.07,80,83.20,78,81.12,72,74.88
audrey_scrap6_Polygon-3,audrey,200.52,344,85.78,318,79.29,342,85.28
audrey_scrap6_Polygon-7,audrey,15.70,24,76.43,16,50.96,22,70.06
audrey_scrap6_Polygon-6,audrey,13.85,12,43.32,16,57.76,22,79.42
oren_scrap2_Polygon-14,oren,0.87,0,0.00,0,0.00,0,0.00
oren_scrap2_Polygon-23,oren,3.40,3,44.07,0,0.00,4,58.76
oren_scrap2_Polygon-13,oren,3.09,2,32.32,2,32.32,1,16.16
oren_scrap2_Polygon-16,oren,4.44,1,11.26,0,0.00,5,56.30
oren_scrap2_Polygon-27,oren,17.60,26,73.87,26,73.87,23,65.34
oren_scrap2_Polygon-20,oren,1.10,0,0.00,0,0.00,0,0.00
oren_scrap2_Polygon-26,oren,5.11,5,48.95,4,39.16,3,29.37
oren_scrap2_Polygon-22,oren,2.43,1,20.54,1,20.54,2,41.08
oren_scrap2_Polygon-2,oren,14.82,23,77.58,20,67.46,18,60.72
oren_scrap2_Polygon-6,oren,7.09,9,63.48,7,49.37,7,49.37
oren_scrap2_Polygon-7,oren,2.70,0,0.00,3,55.56,0,0.00
oren_scrap2_Polygon-10,oren,40.30,64,79.40,42,52.11,58,71.96
oren_scrap2_Polygon-5,oren,2.27,2,44.00,1,22.00,2,44.00
oren_scrap2_Polygon-9,oren,38.98,61,78.25,42,53.88,58,74.41
oren_scrap2_Polygon-3,oren,4.32,4,46.25,5,57.81,4,46.25
oren_scrap2_Polygon-18,oren,1.62,0,0.00,1,30.81,0,0.00
oren_scrap2_Polygon-11,oren,1.25,0,0.00,0,0.00,1,39.90
oren_scrap2_Polygon-21,oren,0.94,0,0.00,0,0.00,0,0.00
oren_scrap2_Polygon-17,oren,4.51,6,66.55,0,0.00,5,55.46
oren_scrap2_Polygon-4,oren,1.78,2,56.18,0,0.00,1,28.09
oren_scrap2_Polygon-19,oren,1.47,0,0.00,2,68.01,0,0.00
oren_scrap2_Polygon-12,oren,1.80,0,0.00,2,55.65,0,0.00
oren_scrap2_Polygon-25,oren,5.09,4,39.27,4,39.27,3,29.46
oren_scrap2_Polygon-15,oren,1.58,0,0.00,0,0.00,1,31.66
oren_scrap2_Polygon-8,oren,3.56,2,28.07,3,42.10,2,28.07
oren_scrap2_Polygon-24,oren,2.84,2,35.26,1,17.63,2,35.26
oren_scrap1_Polygon-2,oren,7.98,8,50.13,10,62.66,8,50.13
oren_scrap1_Polygon-7,oren,2.39,1,20.91,2,41.83,1,20.91
oren_scrap1_Polygon-4,oren,7.11,8,56.25,10,70.31,6,42.19
oren_scrap1_Polygon-9,oren,510.15,938,91.93,937,91.84,961,94.19
oren_scrap1_Polygon-6,oren,2.71,4,73.78,2,36.89,1,18.45
oren_scrap1_Polygon-3,oren,4.14,2,24.15,4,48.30,2,24.15
oren_scrap1_Polygon-5,oren,1.32,0,0.00,0,0.00,0,0.00
oren_scrap1_Polygon-8,oren,4.59,4,43.57,4,43.57,4,43.57
oren_scrap4_Polygon-2,oren,1.05,0,0.00,0,0.00,0,0.00
oren_scrap4_Polygon-7,oren,5.30,6,56.62,6,56.62,5,47.18
oren_scrap4_Polygon-3,oren,1.31,0,0.00,0,0.00,0,0.00
oren_scrap4_Polygon-8,oren,14.03,21,74.86,19,67.73,17,60.60
oren_scrap4_Polygon-9,oren,9.96,12,60.26,14,70.30,11,55.23
oren_scrap4_Polygon-10,oren,54.70,90,82.27,88,80.44,88,80.44
oren_scrap4_Polygon-11,oren,10.55,13,61.59,10,47.38,13,61.59
oren_scrap4_Polygon-5,oren,10.00,12,60.03,12,60.03,10,50.02
oren_scrap4_Polygon-4,oren,42.47,65,76.53,62,73.00,67,78.89
oren_scrap4_Polygon-6,oren,12.38,14,56.54,16,64.62,11,44.43
oren_scrap3_Polygon-18,oren,8.33,11,66.04,10,60.04,9,54.03
oren_scrap3_Polygon-2,oren,4.44,4,45.02,4,45.02,3,33.76
oren_scrap3_Polygon-4,oren,2.42,0,0.00,2,41.33,0,0.00
oren_scrap3_Polygon-12,oren,30.60,39,63.73,49,80.07,47,76.80
oren_scrap3_Polygon-5,oren,2.62,0,0.00,3,57.27,0,0.00
oren_scrap3_Polygon-19,oren,5.16,5,48.45,6,58.14,3,29.07
oren_scrap3_Polygon-17,oren,9.10,13,71.41,13,71.41,10,54.93
oren_scrap3_Polygon-16,oren,7.63,9,58.99,7,45.88,8,52.44
oren_scrap3_Polygon-14,oren,7.58,12,79.15,9,59.36,9,59.36
oren_scrap3_Polygon-20,oren,4.94,4,40.48,7,70.85,5,50.61
oren_scrap3_Polygon-6,oren,3.02,0,0.00,4,66.22,0,0.00
oren_scrap3_Polygon-15,oren,4.71,5,53.04,5,53.04,5,53.04
oren_scrap3_Polygon-10,oren,0.81,0,0.00,0,0.00,0,0.00
oren_scrap3_Polygon-7,oren,10.53,12,56.96,14,66.45,12,56.96
oren_scrap3_Polygon-9,oren,0.96,0,0.00,0,0.00,0,0.00
oren_scrap3_Polygon-3,oren,6.94,9,64.84,8,57.63,9,64.84
oren_scrap3_Polygon-11,oren,3.97,4,50.41,4,50.41,2,25.21
oren_scrap3_Polygon-8,oren,3.62,3,41.42,3,41.42,2,27.61
oren_scrap3_Polygon-13,oren,5.45,8,73.34,6,55.01,5,45.84
oren_scrap5_Polygon-3,oren,172.19,309,89.73,309,89.73,304,88.28
oren_scrap5_Polygon-2,oren,186.60,320,85.75,324,86.82,333,89.23
oren_scrap5_Polygon-4,oren,49.73,76,76.42,76,76.42,78,78.43
fabscrap_scraps7_Polygon-3,fabscrap,97.68,167,85.48,175,89.58,168,85.99
fabscrap_scraps7_Polygon-4,fabscrap,31.46,50,79.47,56,89.00,54,85.82
fabscrap_scraps7_Polygon-2,fabscrap,15.13,20,66.10,16,52.88,18,59.49
fabscrap_scraps8_Polygon-5,fabscrap,39.95,71,88.86,62,77.59,60,75.09
fabscrap_scraps8_Polygon-3,fabscrap,2.60,2,38.54,2,38.54,1,19.27
fabscrap_scraps8_Polygon-2,fabscrap,59.10,99,83.76,103,87.14,98,82.91
fabscrap_scraps8_Polygon-6,fabscrap,118.06,215,91.05,212,89.78,205,86.82
fabscrap_scraps8_Polygon-4,fabscrap,2.43,0,0.00,2,41.22,0,0.00
fabscrap_scraps10_Polygon-6,fabscrap,2.54,0,0.00,2,39.38,0,0.00
fabscrap_scraps10_Polygon-4,fabscrap,5.42,8,73.82,4,36.91,6,55.37
fabscrap_scraps10_Polygon-3,fabscrap,4.19,3,35.79,4,47.72,3,35.79
fabscrap_scraps10_Polygon-10,fabscrap,37.41,58,77.53,60,80.20,59,78.86
fabscrap_scraps10_Polygon-7,fabscrap,19.48,30,77.00,29,74.44,25,64.17
fabscrap_scraps10_Polygon-8,fabscrap,15.85,21,66.24,14,44.16,20,63.08
fabscrap_scraps10_Polygon-9,fabscrap,3.06,0,0.00,0,0.00,3,49.06
fabscrap_scraps10_Polygon-2,fabscrap,109.50,187,85.39,190,86.76,182,83.11
fabscrap_scraps10_Polygon-5,fabscrap,5.58,8,71.71,4,35.85,6,53.78
fabscrap_scraps5_Polygon-7,fabscrap,3.98,2,25.11,4,50.22,2,25.11
fabscrap_scraps5_Polygon-5,fabscrap,4.82,4,41.47,4,41.47,4,41.47
fabscrap_scraps5_Polygon-6,fabscrap,4.26,4,46.93,4,46.93,2,23.47
fabscrap_scraps5_Polygon-8,fabscrap,30.86,48,77.77,47,76.15,42,68.05
fabscrap_scraps5_Polygon-2,fabscrap,15.81,24,75.92,24,75.92,24,75.92
fabscrap_scraps5_Polygon-3,fabscrap,4.93,4,40.60,6,60.90,3,30.45
fabscrap_scraps5_Polygon-9,fabscrap,21.15,25,59.09,36,85.10,34,80.37
fabscrap_scraps5_Polygon-4,fabscrap,4.80,7,72.97,4,41.70,5,52.12
fabscrap_scraps6_Polygon-4,fabscrap,4.51,2,22.17,4,44.34,4,44.34
fabscrap_scraps6_Polygon-3,fabscrap,5.30,4,37.74,4,37.74,4,37.74
fabscrap_scraps6_Polygon-2,fabscrap,5.26,8,76.03,4,38.02,6,57.02
fabscrap_scraps9_Polygon-2,fabscrap,125.76,234,93.03,240,95.42,224,89.06
fabscrap_scraps9_Polygon-3,fabscrap,96.65,158,81.73,164,84.84,151,78.11
fabscrap_scraps9_Polygon-4,fabscrap,105.37,180,85.42,191,90.64,184,87.31
bag1_scrap1_Polygon-2,bag1,96.92,161,83.06,160,82.54,168,86.67
bag1_scrap1_Polygon-4,bag1,135.62,244,89.96,218,80.37,228,84.06
bag1_scrap1_Polygon-3,bag1,120.43,211,87.60,182,75.56,205,85.11
bag1_scrap1_Polygon-5,bag1,72.64,119,81.91,118,81.22,116,79.84
bag1_scrap4_Polygon-2,bag1,26.20,41,78.25,43,82.07,38,72.53
bag1_scrap4_Polygon-7,bag1,162.91,275,84.40,275,84.40,256,78.57
bag1_scrap4_Polygon-3,bag1,60.55,104,85.88,102,84.23,92,75.97
bag1_scrap4_Polygon-5,bag1,36.52,60,82.15,63,86.26,54,73.94
bag1_scrap4_Polygon-4,bag1,23.43,32,68.29,36,76.83,31,66.16
bag1_scrap4_Polygon-6,bag1,32.26,49,75.95,44,68.20,47,72.85
bag1_scrap3_Polygon-2,bag1,27.20,40,73.52,42,77.20,37,68.01
bag1_scrap3_Polygon-4,bag1,200.27,345,86.13,332,82.89,345,86.13
bag1_scrap3_Polygon-5,bag1,47.87,72,75.20,83,86.69,70,73.11
bag1_scrap3_Polygon-3,bag1,134.28,228,84.90,220,81.92,228,84.90
bag1_scrap9_Polygon-5,bag1,58.78,93,79.11,62,52.74,88,74.86
bag1_scrap9_Polygon-4,bag1,80.44,124,77.08,123,76.46,131,81.43
bag1_scrap9_Polygon-3,bag1,160.44,240,74.79,218,67.94,243,75.73
bag1_scrap9_Polygon-2,bag1,168.95,254,75.17,234,69.25,263,77.83
bag1_scrap5_Polygon-5,bag1,28.40,50,88.03,45,79.23,40,70.42
bag1_scrap5_Polygon-3,bag1,51.42,90,87.52,81,78.77,80,77.80
bag1_scrap5_Polygon-6,bag1,38.84,56,72.10,72,92.70,56,72.10
bag1_scrap5_Polygon-7,bag1,154.45,275,89.02,260,84.17,270,87.40
bag1_scrap5_Polygon-2,bag1,57.11,99,86.68,101,88.43,88,77.05
bag1_scrap5_Polygon-4,bag1,28.46,50,87.85,43,75.55,40,70.28
bag1_scrap8_Polygon-3,bag1,159.88,237,74.12,206,64.42,237,74.12
bag1_scrap8_Polygon-4,bag1,160.97,243,75.48,210,65.23,240,74.55
bag1_scrap8_Polygon-2,bag1,92.06,130,70.61,147,79.84,140,76.04
bag1_scrap8_Polygon-5,bag1,136.92,220,80.34,176,64.27,222,81.07
bag1_scrap2_Polygon-2,bag1,158.80,239,75.25,214,67.38,248,78.09
bag1_scrap2_Polygon-6,bag1,156.27,232,74.23,208,66.55,240,76.79
bag1_scrap2_Polygon-5,bag1,34.96,57,81.53,60,85.82,52,74.38
bag1_scrap2_Polygon-3,bag1,98.29,156,79.36,150,76.31,161,81.90
bag1_scrap2_Polygon-4,bag1,44.65,75,83.98,66,73.90,70,78.38
bag1_scrap6_Polygon-5,bag1,187.29,325,86.76,324,86.50,300,80.09
bag1_scrap6_Polygon-2,bag1,159.39,272,85.33,270,84.70,248,77.80
bag1_scrap6_Polygon-4,bag1,88.88,152,85.51,155,87.19,143,80.44
bag1_scrap6_Polygon-3,bag1,43.94,69,78.51,72,81.92,66,75.10
bag1_scrap7_Polygon-3,bag1,107.64,192,89.18,192,89.18,176,81.75
bag1_scrap7_Polygon-6,bag1,62.32,103,82.64,90,72.21,105,84.25
bag1_scrap7_Polygon-2,bag1,151.59,248,81.80,252,83.12,271,89.39
bag1_scrap7_Polygon-4,bag1,36.10,56,77.56,36,49.86,50,69.25
bag1_scrap7_Polygon-5,bag1,33.28,56,84.15,54,81.14,48,72.13
bag1_scrap7_Polygon-7,bag1,79.36,126,79.39,112,70.57,116,73.09
bag1_scrap10_Polygon-3,bag1,97.29,162,83.26,157,80.69,161,82.74
bag1_scrap10_Polygon-4,bag1,181.27,288,79.44,266,73.37,292,80.54
bag1_scrap10_Polygon-2,bag1,118.38,200,84.47,208,87.85,201,84.90
bag4_scrap1_Polygon-2,bag4,162.70,284,87.28,301,92.50,286,87.89
bag4_scrap1_Polygon-4,bag4,94.26,159,84.34,154,81.69,147,77.97
bag4_scrap1_Polygon-3,bag4,129.12,235,91.00,234,90.61,227,87.90
bag4_scrap4_Polygon-2,bag4,141.51,229,80.92,207,73.14,231,81.62
bag4_scrap4_Polygon-3,bag4,267.52,480,89.71,426,79.62,457,85.41
bag4_scrap3_Polygon-2,bag4,26.95,40,74.22,36,66.80,38,70.51
bag4_scrap3_Polygon-4,bag4,27.06,38,70.21,39,72.06,39,72.06
bag4_scrap3_Polygon-12,bag4,27.02,39,72.18,38,70.33,42,77.73
bag4_scrap3_Polygon-5,bag4,28.12,42,74.67,41,72.90,40,71.12
bag4_scrap3_Polygon-14,bag4,27.49,39,70.94,43,78.21,39,70.94
bag4_scrap3_Polygon-6,bag4,224.25,376,83.83,348,77.59,371,82.72
bag4_scrap3_Polygon-10,bag4,29.76,50,84.00,46,77.28,42,70.56
bag4_scrap3_Polygon-7,bag4,87.81,138,78.58,144,82.00,154,87.69
bag4_scrap3_Polygon-9,bag4,27.18,38,69.91,37,68.08,39,71.75
bag4_scrap3_Polygon-3,bag4,26.39,39,73.90,35,66.32,37,70.11
bag4_scrap3_Polygon-11,bag4,29.68,49,82.55,44,74.12,42,70.76
bag4_scrap3_Polygon-8,bag4,27.94,43,76.96,43,76.96,40,71.59
bag4_scrap3_Polygon-13,bag4,26.74,36,67.31,38,71.05,36,67.31
bag4_scrap5_Polygon-5,bag4,43.41,68,78.32,70,80.63,62,71.41
bag4_scrap5_Polygon-3,bag4,189.82,343,90.35,346,91.14,331,87.19
bag4_scrap5_Polygon-2,bag4,141.21,214,75.77,181,64.09,211,74.71
bag4_scrap5_Polygon-4,bag4,45.28,64,70.67,72,79.50,72,79.50
bag4_scrap2_Polygon-2,bag4,263.34,491,93.23,463,87.91,459,87.15
bag4_scrap2_Polygon-3,bag4,178.12,285,80.00,258,72.42,282,79.16
bag4_scrap6_Polygon-5,bag4,36.09,59,81.73,60,83.12,55,76.19
bag4_scrap6_Polygon-2,bag4,221.22,408,92.21,360,81.37,378,85.43
bag4_scrap6_Polygon-4,bag4,43.03,74,85.99,72,83.67,64,74.37
bag4_scrap6_Polygon-3,bag4,58.11,90,77.45,96,82.61,99,85.19
bag4_scrap6_Polygon-7,bag4,39.85,60,75.29,65,81.56,62,77.80
bag4_scrap6_Polygon-6,bag4,34.73,56,80.62,50,71.98,51,73.42
bag4_scrap7_Polygon-3,bag4,91.00,149,81.87,155,85.17,153,84.07
bag4_scrap7_Polygon-2,bag4,171.33,302,88.13,303,88.43,299,87.26
bag4_scrap7_Polygon-4,bag4,72.49,120,82.77,126,86.90,119,82.08
bag4_scrap7_Polygon-5,bag4,228.26,399,87.40,387,84.77,404,88.50
bag4_scrap9_Polygon-3,bag4,205.48,340,82.73,360,87.60,376,91.49
bag4_scrap9_Polygon-2,bag4,150.83,263,87.18,244,80.88,255,84.53
bag4_scrap8_Polygon-2,bag4,507.45,926,91.24,958,94.39,932,91.83
etsybag_scrap10_Polygon-11,etsybag,6.38,8,62.66,6,47.00,6,47.00
etsybag_scrap10_Polygon-22,etsybag,6.35,8,62.94,6,47.21,6,47.21
etsybag_scrap10_Polygon-5,etsybag,5.69,8,70.30,6,52.73,6,52.73
etsybag_scrap10_Polygon-14,etsybag,5.99,8,66.83,6,50.12,6,50.12
etsybag_scrap10_Polygon-19,etsybag,11.67,16,68.57,12,51.42,14,60.00
etsybag_scrap10_Polygon-10,etsybag,6.21,8,64.40,5,40.25,6,48.30
etsybag_scrap10_Polygon-18,etsybag,11.31,16,70.73,12,53.05,14,61.89
etsybag_scrap10_Polygon-9,etsybag,5.33,7,65.68,5,46.92,5,46.92
etsybag_scrap10_Polygon-28,etsybag,6.07,8,65.87,6,49.40,6,49.40
etsybag_scrap10_Polygon-3,etsybag,6.47,8,61.78,6,46.34,6,46.34
etsybag_scrap10_Polygon-24,etsybag,6.36,8,62.86,6,47.15,6,47.15
etsybag_scrap10_Polygon-27,etsybag,6.13,8,65.30,6,48.98,6,48.98
etsybag_scrap10_Polygon-32,etsybag,9.17,12,65.40,12,65.40,12,65.40
etsybag_scrap10_Polygon-17,etsybag,6.52,8,61.35,6,46.01,6,46.01
etsybag_scrap10_Polygon-21,etsybag,6.20,8,64.54,6,48.41,6,48.41
etsybag_scrap10_Polygon-25,etsybag,6.27,8,63.76,6,47.82,6,47.82
etsybag_scrap10_Polygon-15,etsybag,5.93,8,67.48,6,50.61,6,50.61
etsybag_scrap10_Polygon-12,etsybag,5.94,8,67.32,6,50.49,6,50.49
etsybag_scrap10_Polygon-4,etsybag,6.59,8,60.70,6,45.53,6,45.53
etsybag_scrap10_Polygon-2,etsybag,5.73,8,69.84,6,52.38,6,52.38
etsybag_scrap10_Polygon-8,etsybag,5.90,8,67.81,5,42.38,6,50.86
etsybag_scrap10_Polygon-6,etsybag,5.82,8,68.70,6,51.52,6,51.52
etsybag_scrap10_Polygon-30,etsybag,5.96,8,67.09,5,41.93,5,41.93
etsybag_scrap10_Polygon-20,etsybag,5.86,8,68.25,6,51.19,6,51.19
etsybag_scrap10_Polygon-23,etsybag,6.27,8,63.75,6,47.81,6,47.81
etsybag_scrap10_Polygon-7,etsybag,5.80,8,68.99,6,51.74,6,51.74
etsybag_scrap10_Polygon-31,etsybag,9.36,11,58.77,14,74.79,12,64.11
etsybag_scrap10_Polygon-13,etsybag,5.90,8,67.75,5,42.34,6,50.81
etsybag_scrap10_Polygon-16,etsybag,6.31,8,63.34,6,47.51,6,47.51
etsybag_scrap10_Polygon-29,etsybag,6.91,8,57.91,6,43.43,8,57.91
etsybag_scrap10_Polygon-26,etsybag,5.89,8,67.94,6,50.96,6,50.96
etsybag_scrap1_Polygon-2,etsybag,6.42,8,62.29,6,46.71,6,46.71
etsybag_scrap1_Polygon-7,etsybag,25.43,40,78.65,42,82.58,36,70.78
etsybag_scrap1_Polygon-4,etsybag,6.20,8,64.54,6,48.40,6,48.40
etsybag_scrap1_Polygon-6,etsybag,6.32,8,63.33,6,47.50,6,47.50
etsybag_scrap1_Polygon-3,etsybag,12.61,16,63.45,12,47.59,14,55.52
etsybag_scrap1_Polygon-5,etsybag,6.02,8,66.45,6,49.84,6,49.84
etsybag_scrap1_Polygon-8,etsybag,15.01,15,49.95,7,23.31,14,46.62
etsybag_scrap4_Polygon-2,etsybag,195.15,345,88.40,332,85.06,340,87.11
etsybag_scrap4_Polygon-3,etsybag,53.05,87,82.00,90,84.83,81,76.34
etsybag_scrap4_Polygon-5,etsybag,152.26,240,78.81,210,68.96,236,77.50
etsybag_scrap4_Polygon-4,etsybag,147.23,229,77.77,207,70.30,236,80.15
etsybag_scrap7_Polygon-8,etsybag,59.71,101,84.58,92,77.04,94,78.72
etsybag_scrap7_Polygon-3,etsybag,39.91,64,80.18,66,82.68,60,75.16
etsybag_scrap7_Polygon-6,etsybag,44.69,72,80.55,71,79.44,71,79.44
etsybag_scrap7_Polygon-2,etsybag,5.80,8,68.94,4,34.47,6,51.71
etsybag_scrap7_Polygon-4,etsybag,12.83,16,62.36,18,70.15,17,66.26
etsybag_scrap7_Polygon-5,etsybag,76.54,135,88.19,132,86.23,122,79.70
etsybag_scrap7_Polygon-7,etsybag,41.08,64,77.90,66,80.33,60,73.03
etsybag_scrap3_Polygon-2,etsybag,34.08,38,55.74,52,76.28,36,52.81
etsybag_scrap3_Polygon-4,etsybag,44.81,70,78.11,69,77.00,71,79.23
etsybag_scrap3_Polygon-5,etsybag,33.35,51,76.46,51,76.46,51,76.46
etsybag_scrap3_Polygon-6,etsybag,21.32,30,70.36,29,68.01,31,72.70
etsybag_scrap3_Polygon-7,etsybag,78.03,138,88.43,126,80.74,125,80.10
etsybag_scrap3_Polygon-3,etsybag,41.33,60,72.58,71,85.89,66,79.84
etsybag_scrap8_Polygon-6,etsybag,24.91,32,64.23,36,72.26,39,78.29
etsybag_scrap8_Polygon-9,etsybag,25.27,32,63.32,36,71.23,40,79.15
etsybag_scrap8_Polygon-3,etsybag,25.55,33,64.58,36,70.45,40,78.28
etsybag_scrap8_Polygon-7,etsybag,25.68,32,62.30,36,70.09,40,77.88
etsybag_scrap8_Polygon-4,etsybag,26.64,50,93.86,36,67.58,40,75.08
etsybag_scrap8_Polygon-2,etsybag,26.47,35,66.12,36,68.01,40,75.57
etsybag_scrap8_Polygon-10,etsybag,25.29,41,81.07,36,71.18,40,79.09
etsybag_scrap8_Polygon-5,etsybag,25.53,41,80.29,36,70.50,40,78.33
etsybag_scrap8_Polygon-8,etsybag,25.70,33,64.21,36,70.04,40,77.83
etsybag_scrap2_Polygon-2,etsybag,104.85,189,90.13,180,85.84,175,83.45
etsybag_scrap2_Polygon-6,etsybag,5.88,8,68.00,6,51.00,6,51.00
etsybag_scrap2_Polygon-7,etsybag,6.00,8,66.64,6,49.98,6,49.98
etsybag_scrap2_Polygon-5,etsybag,25.15,32,63.62,36,71.57,40,79.53
etsybag_scrap2_Polygon-9,etsybag,6.40,8,62.52,6,46.89,6,46.89
etsybag_scrap2_Polygon-3,etsybag,25.67,39,75.95,36,70.11,40,77.90
etsybag_scrap2_Polygon-4,etsybag,25.03,32,63.94,36,71.93,40,79.92
etsybag_scrap2_Polygon-8,etsybag,6.37,8,62.79,6,47.09,6,47.09
etsybag_scrap5_Polygon-3,etsybag,53.82,90,83.62,98,91.05,90,83.62
etsybag_scrap5_Polygon-2,etsybag,386.69,720,93.10,727,94.00,715,92.45
etsybag_scrap5_Polygon-4,etsybag,22.17,32,72.15,36,81.17,29,65.39
etsybag_scrap6_Polygon-2,etsybag,135.77,238,87.65,240,88.38,235,86.54
etsybag_scrap6_Polygon-4,etsybag,220.39,375,85.07,337,76.45,372,84.39
etsybag_scrap6_Polygon-3,etsybag,92.79,164,88.37,159,85.68,153,82.45
etsybag_scrap9_Polygon-4,etsybag,14.82,22,74.25,18,60.75,18,60.75
etsybag_scrap9_Polygon-3,etsybag,87.76,150,85.46,143,81.47,140,79.76
etsybag_scrap9_Polygon-2,etsybag,181.31,322,88.80,310,85.49,330,91.01
linen_scrap2-3_Polygon6,linen,41.49,68,81.96,62,74.72,60,72.31
linen_scrap2-3_Polygon2,linen,48.11,75,77.95,85,88.34,80,83.14
linen_scrap2-3_Polygon4,linen,59.54,110,92.37,108,90.69,96,80.61
linen_scrap2-3_Polygon3,linen,52.33,84,80.25,80,76.43,83,79.30
linen_scrap2-3_Polygon5,linen,41.40,64,77.30,60,72.47,62,74.88
linen_scrap3-1_Polygon4,linen,47.37,70,73.89,71,74.95,78,82.34
linen_scrap3-1_Polygon6,linen,39.65,64,80.70,58,73.13,60,75.65
linen_scrap3-1_Polygon7,linen,51.04,84,82.30,80,78.38,81,79.36
linen_scrap3-1_Polygon2,linen,38.22,60,78.49,56,73.25,56,73.25
linen_scrap3-1_Polygon8,linen,49.35,80,81.06,81,82.07,83,84.10
linen_scrap3-1_Polygon3,linen,33.55,50,74.51,56,83.45,54,80.47
linen_scrap3-1_Polygon5,linen,38.38,60,78.17,63,82.08,60,78.17
linen_scrap2-2_Polygon9,linen,28.82,44,76.33,39,67.65,42,72.86
linen_scrap2-2_Polygon5,linen,37.37,60,80.29,64,85.64,60,80.29
linen_scrap2-2_Polygon7,linen,30.02,49,81.60,44,73.28,44,73.28
linen_scrap2-2_Polygon8,linen,39.57,64,80.87,60,75.82,59,74.55
linen_scrap2-2_Polygon3,linen,40.22,71,88.26,63,78.32,60,74.59
linen_scrap2-2_Polygon4,linen,35.99,60,83.36,62,86.14,57,79.19
linen_scrap2-2_Polygon6,linen,29.28,50,85.37,45,76.83,42,71.71
linen_scrap2-2_Polygon2,linen,38.12,62,81.32,64,83.94,60,78.70
linen_scrap1-2_Polygon3,linen,59.54,112,94.05,100,83.97,96,80.62
linen_scrap1-2_Polygon4,linen,50.95,84,82.44,80,78.51,78,76.55
linen_scrap1-2_Polygon2,linen,52.62,92,87.41,80,76.01,81,76.96
linen_scrap1-2_Polygon5,linen,53.20,90,84.58,88,82.70,86,80.83
linen_scrap1-1_Polygon4,linen,64.21,112,87.22,109,84.88,101,78.65
linen_scrap1-1_Polygon7,linen,57.54,94,81.68,100,86.90,93,80.81
linen_scrap1-1_Polygon6,linen,62.58,112,89.48,100,79.89,107,85.49
linen_scrap1-1_Polygon2,linen,60.96,98,80.38,96,78.73,98,80.38
linen_scrap1-1_Polygon5,linen,68.38,121,88.48,119,87.02,112,81.90
linen_scrap1-1_Polygon3,linen,68.75,112,81.46,110,80.00,119,86.55
linen_scrap3-2_Polygon4,linen,22.16,35,78.96,37,83.47,30,67.68
linen_scrap3-2_Polygon6,linen,18.23,31,85.01,30,82.27,24,65.81
linen_scrap3-2_Polygon3,linen,16.37,23,70.25,24,73.30,20,61.08
linen_scrap3-2_Polygon5,linen,24.52,32,65.25,36,73.41,38,77.49
linen_scrap3-2_Polygon2,linen,14.59,21,71.97,21,71.97,16,54.84
linen_scrap2-1_Polygon11,linen,13.82,18,65.10,16,57.87,15,54.25
linen_scrap2-1_Polygon10,linen,16.73,24,71.75,20,59.79,24,71.75
linen_scrap2-1_Polygon9,linen,15.14,18,59.44,17,56.14,21,69.34
linen_scrap2-1_Polygon8,linen,14.86,18,60.56,20,67.29,23,77.38
linen_scrap2-1_Polygon5,linen,3.18,2,31.40,3,47.10,1,15.70
linen_scrap2-1_Polygon2,linen,20.51,30,73.13,28,68.26,24,58.51
linen_scrap2-1_Polygon4,linen,19.12,29,75.84,30,78.45,28,73.22
linen_scrap2-1_Polygon6,linen,7.76,8,51.52,12,77.29,9,57.96
linen_scrap2-1_Polygon3,linen,16.95,24,70.79,20,58.99,24,70.79
linen_scrap2-1_Polygon7,linen,11.46,18,78.52,16,69.80,13,56.71
linen_scrap2-1_Polygon12,linen,15.22,18,59.13,20,65.70,19,62.41
etsybag2_scraps1_Polygon-3,etsybag2,94.17,167,88.67,162,86.01,152,80.71
etsybag2_scraps1_Polygon-2,etsybag2,65.26,104,79.68,102,78.15,115,88.11
etsybag2_scraps1_Polygon-5,etsybag2,44.64,72,80.64,64,71.68,66,73.92
etsybag2_scraps1_Polygon-4,etsybag2,59.70,88,73.70,105,87.94,93,77.89
