scrap_id,rectangularity,recovery_percentage,original_area_in2
audrey_scrap2_Polygon-14,0.9915,43.01,11.63
audrey_scrap2_Polygon-13,0.9866,42.25,11.83
audrey_scrap2_Polygon-16,0.9802,55.75,14.35
audrey_scrap2_Polygon-2,0.9783,75.23,23.93
audrey_scrap2_Polygon-6,0.6920,65.75,6.08
audrey_scrap2_Polygon-7,0.9681,73.28,41.62
audrey_scrap2_Polygon-10,0.9869,44.06,11.35
audrey_scrap2_Polygon-5,0.9766,38.28,2.61
audrey_scrap2_Polygon-9,0.9883,44.64,11.20
audrey_scrap2_Polygon-3,0.9606,40.52,1.23
audrey_scrap2_Polygon-18,0.9978,51.91,11.56
audrey_scrap2_Polygon-11,0.9820,44.03,11.36
audrey_scrap2_Polygon-17,0.9199,52.07,7.68
audrey_scrap2_Polygon-4,0.9882,65.67,4.57
audrey_scrap2_Polygon-12,0.9794,43.99,11.37
audrey_scrap2_Polygon-15,0.9828,56.97,14.04
audrey_scrap2_Polygon-8,0.9583,57.16,55.98
audrey_scrap4_Polygon-25,0.9828,74.90,32.04
audrey_scrap4_Polygon-2,0.9465,58.05,11.20
audrey_scrap4_Polygon-7,0.9827,49.77,10.05
audrey_scrap4_Polygon-23,0.9915,40.58,7.39
audrey_scrap4_Polygon-3,0.9895,63.98,18.76
audrey_scrap4_Polygon-24,0.9159,54.20,9.23
audrey_scrap4_Polygon-14,0.9726,39.96,2.50
audrey_scrap4_Polygon-8,0.9738,46.42,10.77
audrey_scrap4_Polygon-18,0.9850,56.59,6.18
audrey_scrap4_Polygon-26,0.9240,80.59,6.20
audrey_scrap4_Polygon-20,0.9892,38.42,6.51
audrey_scrap4_Polygon-17,0.9770,64.35,4.66
audrey_scrap4_Polygon-13,0.9711,56.63,5.30
audrey_scrap4_Polygon-9,0.9729,37.73,5.30
audrey_scrap4_Polygon-10,0.9758,40.58,4.93
audrey_scrap4_Polygon-12,0.9776,52.22,4.79
audrey_scrap4_Polygon-11,0.9962,46.29,10.80
audrey_scrap4_Polygon-16,0.9680,32.28,6.19
audrey_scrap4_Polygon-19,0.9912,56.09,5.35
audrey_scrap4_Polygon-5,0.9347,66.31,18.10
audrey_scrap4_Polygon-22,0.9938,43.82,9.13
audrey_scrap4_Polygon-27,0.9862,67.37,8.91
audrey_scrap4_Polygon-21,0.9842,36.77,5.44
audrey_scrap4_Polygon-15,0.9832,39.90,2.51
audrey_scrap4_Polygon-28,0.9727,60.18,9.97
audrey_scrap4_Polygon-4,0.9854,62.71,26.31
audrey_scrap4_Polygon-6,0.9748,85.05,10.58
audrey_scrap1_Polygon-2,0.9629,47.88,20.88
audrey_scrap1_Polygon-11,0.9936,48.15,12.46
audrey_scrap1_Polygon-7,0.9684,77.11,11.67
audrey_scrap1_Polygon-14,0.9778,64.37,35.73
audrey_scrap1_Polygon-4,0.9735,37.73,7.95
audrey_scrap1_Polygon-15,0.9350,63.39,39.44
audrey_scrap1_Polygon-10,0.9589,46.50,4.30
audrey_scrap1_Polygon-9,0.9833,49.83,21.07
audrey_scrap1_Polygon-6,0.9848,57.07,10.51
audrey_scrap1_Polygon-3,0.9375,84.58,28.38
audrey_scrap1_Polygon-5,0.9844,37.50,8.00
audrey_scrap1_Polygon-13,0.9593,48.60,18.52
audrey_scrap1_Polygon-8,0.9897,91.13,81.75
audrey_scrap5_Polygon-12,0.9370,42.94,6.99
audrey_scrap5_Polygon-20,0.9623,61.58,77.95
audrey_scrap5_Polygon-5,0.9724,62.38,9.62
audrey_scrap5_Polygon-17,0.9691,48.20,14.52
audrey_scrap5_Polygon-16,0.9867,44.04,6.81
audrey_scrap5_Polygon-18,0.9938,80.75,17.34
audrey_scrap5_Polygon-9,0.8875,78.52,59.86
audrey_scrap5_Polygon-3,0.9168,50.17,7.97
audrey_scrap5_Polygon-13,0.9782,42.17,7.11
audrey_scrap5_Polygon-19,0.9696,41.59,7.21
audrey_scrap5_Polygon-6,0.9721,69.75,8.60
audrey_scrap5_Polygon-14,0.9655,42.31,7.09
audrey_scrap5_Polygon-7,0.9920,58.91,9.34
audrey_scrap5_Polygon-2,0.9675,44.19,9.05
audrey_scrap5_Polygon-8,0.9639,63.37,8.68
audrey_scrap5_Polygon-21,0.8585,59.27,34.59
audrey_scrap5_Polygon-15,0.9737,80.23,21.81
audrey_scrap5_Polygon-4,0.9858,51.46,6.80
audrey_scrap5_Polygon-11,0.9782,39.77,7.54
audrey_scrap3_Polygon-18,0.9654,44.49,11.24
audrey_scrap3_Polygon-2,0.9665,72.66,34.41
audrey_scrap3_Polygon-4,0.9891,46.73,4.28
audrey_scrap3_Polygon-12,0.6029,63.58,5.50
audrey_scrap3_Polygon-5,0.9865,87.33,38.36
audrey_scrap3_Polygon-17,0.9209,39.67,10.08
audrey_scrap3_Polygon-16,0.9559,55.64,14.38
audrey_scrap3_Polygon-6,0.9631,41.98,11.91
audrey_scrap3_Polygon-15,0.9813,61.38,14.66
audrey_scrap3_Polygon-10,0.9715,81.53,36.80
audrey_scrap3_Polygon-7,0.9912,15.78,6.34
audrey_scrap3_Polygon-9,0.7065,66.04,15.90
audrey_scrap3_Polygon-3,0.9870,82.79,36.24
audrey_scrap3_Polygon-11,0.7094,58.85,16.14
audrey_scrap3_Polygon-8,0.9832,79.25,37.85
audrey_scrap3_Polygon-13,0.6107,51.15,5.86
audrey_scrap7_Polygon-8,0.9633,42.73,11.70
audrey_scrap7_Polygon-15,0.9965,42.73,11.70
audrey_scrap7_Polygon-12,0.9866,96.01,12.50
audrey_scrap7_Polygon-3,0.9363,44.33,11.28
audrey_scrap7_Polygon-17,0.9544,47.97,11.47
audrey_scrap7_Polygon-6,0.9778,42.99,11.63
audrey_scrap7_Polygon-2,0.9696,42.61,11.74
audrey_scrap7_Polygon-9,0.9687,47.29,12.69
audrey_scrap7_Polygon-4,0.9680,46.44,11.84
audrey_scrap7_Polygon-18,0.9924,40.34,12.40
audrey_scrap7_Polygon-5,0.9824,42.37,11.80
audrey_scrap7_Polygon-11,0.9688,49.30,12.17
audrey_scrap7_Polygon-19,0.9790,49.23,11.17
audrey_scrap7_Polygon-10,0.9501,49.88,12.03
audrey_scrap7_Polygon-7,0.9939,43.01,11.63
audrey_scrap7_Polygon-21,0.9779,78.82,13.32
audrey_scrap7_Polygon-14,0.9835,48.44,11.36
audrey_scrap7_Polygon-22,0.9918,54.72,12.79
audrey_scrap7_Polygon-20,0.9824,46.55,12.89
audrey_scrap7_Polygon-16,0.9776,47.77,11.51
audrey_scrap7_Polygon-13,0.9591,49.95,12.01
audrey_scrap6_Polygon-5,0.9962,83.43,62.33
audrey_scrap6_Polygon-2,0.9897,84.79,129.14
audrey_scrap6_Polygon-4,0.9904,83.20,48.07
audrey_scrap6_Polygon-3,0.9491,85.78,200.52
audrey_scrap6_Polygon-7,0.9826,76.43,15.70
audrey_scrap6_Polygon-6,0.9826,43.32,13.85
oren_scrap2_Polygon-23,0.8532,44.07,3.40
oren_scrap2_Polygon-13,0.9455,32.32,3.09
oren_scrap2_Polygon-16,0.9104,11.26,4.44
oren_scrap2_Polygon-27,0.7508,73.87,17.60
oren_scrap2_Polygon-26,0.7949,48.95,5.11
oren_scrap2_Polygon-22,0.5000,20.54,2.43
oren_scrap2_Polygon-2,0.9256,77.58,14.82
oren_scrap2_Polygon-6,0.7688,63.48,7.09
oren_scrap2_Polygon-10,0.9885,79.40,40.30
oren_scrap2_Polygon-5,0.8161,44.00,2.27
oren_scrap2_Polygon-9,0.9915,78.25,38.98
oren_scrap2_Polygon-3,0.8690,46.25,4.32
oren_scrap2_Polygon-17,0.9473,66.55,4.51
oren_scrap2_Polygon-4,0.9585,56.18,1.78
oren_scrap2_Polygon-25,0.5000,39.27,5.09
oren_scrap2_Polygon-8,0.6771,28.07,3.56
oren_scrap2_Polygon-24,0.5000,35.26,2.84
oren_scrap1_Polygon-2,0.8901,50.13,7.98
oren_scrap1_Polygon-7,0.5000,20.91,2.39
oren_scrap1_Polygon-4,0.9581,56.25,7.11
oren_scrap1_Polygon-9,0.9457,91.93,510.15
oren_scrap1_Polygon-6,0.9085,73.78,2.71
oren_scrap1_Polygon-3,0.9623,24.15,4.14
oren_scrap1_Polygon-8,0.9437,43.57,4.59
oren_scrap4_Polygon-7,0.5000,56.62,5.30
oren_scrap4_Polygon-8,0.6019,74.86,14.03
oren_scrap4_Polygon-9,0.7860,60.26,9.96
oren_scrap4_Polygon-10,0.8772,82.27,54.70
oren_scrap4_Polygon-11,0.8566,61.59,10.55
oren_scrap4_Polygon-5,0.8255,60.03,10.00
oren_scrap4_Polygon-4,0.9048,76.53,42.47
oren_scrap4_Polygon-6,0.8873,56.54,12.38
oren_scrap3_Polygon-18,0.8390,66.04,8.33
oren_scrap3_Polygon-2,0.6602,45.02,4.44
oren_scrap3_Polygon-12,0.8748,63.73,30.60
oren_scrap3_Polygon-19,0.6303,48.45,5.16
oren_scrap3_Polygon-17,0.8876,71.41,9.10
oren_scrap3_Polygon-16,0.9751,58.99,7.63
oren_scrap3_Polygon-14,0.9195,79.15,7.58
oren_scrap3_Polygon-20,0.8702,40.48,4.94
oren_scrap3_Polygon-15,0.7244,53.04,4.71
oren_scrap3_Polygon-7,0.9877,56.96,10.53
oren_scrap3_Polygon-3,0.8857,64.84,6.94
oren_scrap3_Polygon-11,0.8645,50.41,3.97
oren_scrap3_Polygon-8,0.7637,41.42,3.62
oren_scrap3_Polygon-13,0.6070,73.34,5.45
oren_scrap5_Polygon-3,0.9372,89.73,172.19
oren_scrap5_Polygon-2,0.9824,85.75,186.60
oren_scrap5_Polygon-4,0.6877,76.42,49.73
fabscrap_scraps7_Polygon-3,0.9732,85.48,97.68
fabscrap_scraps7_Polygon-4,0.9860,79.47,31.46
fabscrap_scraps7_Polygon-2,0.7925,66.10,15.13
fabscrap_scraps8_Polygon-5,0.9714,88.86,39.95
fabscrap_scraps8_Polygon-3,0.9550,38.54,2.60
fabscrap_scraps8_Polygon-2,0.9652,83.76,59.10
fabscrap_scraps8_Polygon-6,0.9681,91.05,118.06
fabscrap_scraps10_Polygon-4,0.9659,73.82,5.42
fabscrap_scraps10_Polygon-3,0.9471,35.79,4.19
fabscrap_scraps10_Polygon-10,0.9792,77.53,37.41
fabscrap_scraps10_Polygon-7,0.9450,77.00,19.48
fabscrap_scraps10_Polygon-8,0.9514,66.24,15.85
fabscrap_scraps10_Polygon-2,0.9598,85.39,109.50
fabscrap_scraps10_Polygon-5,0.9660,71.71,5.58
fabscrap_scraps5_Polygon-7,0.9652,25.11,3.98
fabscrap_scraps5_Polygon-5,0.8006,41.47,4.82
fabscrap_scraps5_Polygon-6,0.9563,46.93,4.26
fabscrap_scraps5_Polygon-8,0.9814,77.77,30.86
fabscrap_scraps5_Polygon-2,0.9895,75.92,15.81
fabscrap_scraps5_Polygon-3,0.9830,40.60,4.93
fabscrap_scraps5_Polygon-9,0.9724,59.09,21.15
fabscrap_scraps5_Polygon-4,0.9614,72.97,4.80
fabscrap_scraps6_Polygon-4,0.9654,22.17,4.51
fabscrap_scraps6_Polygon-3,0.9802,37.74,5.30
fabscrap_scraps6_Polygon-2,0.9599,76.03,5.26
fabscrap_scraps9_Polygon-2,0.9861,93.03,125.76
fabscrap_scraps9_Polygon-3,0.9539,81.73,96.65
fabscrap_scraps9_Polygon-4,0.9827,85.42,105.37
bag1_scrap1_Polygon-2,0.9853,83.06,96.92
bag1_scrap1_Polygon-4,0.9337,89.96,135.62
bag1_scrap1_Polygon-3,0.9887,87.60,120.43
bag1_scrap1_Polygon-5,0.6189,81.91,72.64
bag1_scrap4_Polygon-2,0.8102,78.25,26.20
bag1_scrap4_Polygon-7,0.9945,84.40,162.91
bag1_scrap4_Polygon-3,0.9744,85.88,60.55
bag1_scrap4_Polygon-5,0.9774,82.15,36.52
bag1_scrap4_Polygon-4,0.9746,68.29,23.43
bag1_scrap4_Polygon-6,0.7726,75.95,32.26
bag1_scrap3_Polygon-2,0.9856,73.52,27.20
bag1_scrap3_Polygon-4,0.8136,86.13,200.27
bag1_scrap3_Polygon-5,0.9956,75.20,47.87
bag1_scrap3_Polygon-3,0.9891,84.90,134.28
bag1_scrap9_Polygon-5,0.9413,79.11,58.78
bag1_scrap9_Polygon-4,0.8461,77.08,80.44
bag1_scrap9_Polygon-3,0.8247,74.79,160.44
bag1_scrap9_Polygon-2,0.9796,75.17,168.95
bag1_scrap5_Polygon-5,0.9847,88.03,28.40
bag1_scrap5_Polygon-3,0.9831,87.52,51.42
bag1_scrap5_Polygon-6,0.9930,72.10,38.84
bag1_scrap5_Polygon-7,0.9834,89.02,154.45
bag1_scrap5_Polygon-2,0.9888,86.68,57.11
bag1_scrap5_Polygon-4,0.9883,87.85,28.46
bag1_scrap8_Polygon-3,0.9968,74.12,159.88
bag1_scrap8_Polygon-4,0.8627,75.48,160.97
bag1_scrap8_Polygon-2,0.9869,70.61,92.06
bag1_scrap8_Polygon-5,0.8528,80.34,136.92
bag1_scrap2_Polygon-2,0.9877,75.25,158.80
bag1_scrap2_Polygon-6,0.9914,74.23,156.27
bag1_scrap2_Polygon-5,0.9837,81.53,34.96
bag1_scrap2_Polygon-3,0.9878,79.36,98.29
bag1_scrap2_Polygon-4,0.9878,83.98,44.65
bag1_scrap6_Polygon-5,0.9870,86.76,187.29
bag1_scrap6_Polygon-2,0.9969,85.33,159.39
bag1_scrap6_Polygon-4,0.9480,85.51,88.88
bag1_scrap6_Polygon-3,0.9867,78.51,43.94
bag1_scrap7_Polygon-3,0.9945,89.18,107.64
bag1_scrap7_Polygon-6,0.9886,82.64,62.32
bag1_scrap7_Polygon-2,0.8354,81.80,151.59
bag1_scrap7_Polygon-4,0.9682,77.56,36.10
bag1_scrap7_Polygon-5,0.9960,84.15,33.28
bag1_scrap7_Polygon-7,0.9508,79.39,79.36
bag1_scrap10_Polygon-3,0.6135,83.26,97.29
bag1_scrap10_Polygon-4,0.7735,79.44,181.27
bag1_scrap10_Polygon-2,0.9978,84.47,118.38
bag4_scrap1_Polygon-2,0.9645,87.28,162.70
bag4_scrap1_Polygon-4,0.4651,84.34,94.26
bag4_scrap1_Polygon-3,0.9878,91.00,129.12
bag4_scrap4_Polygon-2,0.8564,80.92,141.51
bag4_scrap4_Polygon-3,0.9943,89.71,267.52
bag4_scrap3_Polygon-2,0.7199,74.22,26.95
bag4_scrap3_Polygon-4,0.7205,70.21,27.06
bag4_scrap3_Polygon-12,0.7141,72.18,27.02
bag4_scrap3_Polygon-5,0.7327,74.67,28.12
bag4_scrap3_Polygon-14,0.7373,70.94,27.49
bag4_scrap3_Polygon-6,0.9431,83.83,224.25
bag4_scrap3_Polygon-10,0.9926,84.00,29.76
bag4_scrap3_Polygon-7,0.9642,78.58,87.81
bag4_scrap3_Polygon-9,0.7339,69.91,27.18
bag4_scrap3_Polygon-3,0.7380,73.90,26.39
bag4_scrap3_Polygon-11,0.9953,82.55,29.68
bag4_scrap3_Polygon-8,0.7388,76.96,27.94
bag4_scrap3_Polygon-13,0.7126,67.31,26.74
bag4_scrap5_Polygon-5,0.9868,78.32,43.41
bag4_scrap5_Polygon-3,0.9650,90.35,189.82
bag4_scrap5_Polygon-2,0.9949,75.77,141.21
bag4_scrap5_Polygon-4,0.9706,70.67,45.28
bag4_scrap2_Polygon-2,0.9849,93.23,263.34
bag4_scrap2_Polygon-3,0.8161,80.00,178.12
bag4_scrap6_Polygon-5,0.9707,81.73,36.09
bag4_scrap6_Polygon-2,0.9908,92.21,221.22
bag4_scrap6_Polygon-4,0.9836,85.99,43.03
bag4_scrap6_Polygon-3,0.9623,77.45,58.11
bag4_scrap6_Polygon-7,0.6243,75.29,39.85
bag4_scrap6_Polygon-6,0.9702,80.62,34.73
bag4_scrap7_Polygon-3,0.8309,81.87,91.00
bag4_scrap7_Polygon-2,0.8452,88.13,171.33
bag4_scrap7_Polygon-4,0.9788,82.77,72.49
bag4_scrap7_Polygon-5,0.9491,87.40,228.26
bag4_scrap9_Polygon-3,0.9676,82.73,205.48
bag4_scrap9_Polygon-2,0.7286,87.18,150.83
bag4_scrap8_Polygon-2,0.9855,91.24,507.45
etsybag_scrap10_Polygon-11,0.9878,62.66,6.38
etsybag_scrap10_Polygon-22,0.9604,62.94,6.35
etsybag_scrap10_Polygon-5,0.9747,70.30,5.69
etsybag_scrap10_Polygon-14,0.9959,66.83,5.99
etsybag_scrap10_Polygon-19,0.9815,68.57,11.67
etsybag_scrap10_Polygon-10,0.9529,64.40,6.21
etsybag_scrap10_Polygon-18,0.9800,70.73,11.31
etsybag_scrap10_Polygon-9,0.9281,65.68,5.33
etsybag_scrap10_Polygon-28,0.9866,65.87,6.07
etsybag_scrap10_Polygon-3,0.9509,61.78,6.47
etsybag_scrap10_Polygon-24,0.9674,62.86,6.36
etsybag_scrap10_Polygon-27,0.9978,65.30,6.13
etsybag_scrap10_Polygon-32,0.9433,65.40,9.17
etsybag_scrap10_Polygon-17,0.9855,61.35,6.52
etsybag_scrap10_Polygon-21,0.9650,64.54,6.20
etsybag_scrap10_Polygon-25,0.9759,63.76,6.27
etsybag_scrap10_Polygon-15,0.9866,67.48,5.93
etsybag_scrap10_Polygon-12,0.9626,67.32,5.94
etsybag_scrap10_Polygon-4,0.9507,60.70,6.59
etsybag_scrap10_Polygon-2,0.9630,69.84,5.73
etsybag_scrap10_Polygon-8,0.9625,67.81,5.90
etsybag_scrap10_Polygon-6,0.9756,68.70,5.82
etsybag_scrap10_Polygon-30,0.9779,67.09,5.96
etsybag_scrap10_Polygon-20,0.9733,68.25,5.86
etsybag_scrap10_Polygon-23,0.9534,63.75,6.27
etsybag_scrap10_Polygon-7,0.9737,68.99,5.80
etsybag_scrap10_Polygon-31,0.9517,58.77,9.36
etsybag_scrap10_Polygon-13,0.9824,67.75,5.90
etsybag_scrap10_Polygon-16,0.9694,63.34,6.31
etsybag_scrap10_Polygon-29,0.9524,57.91,6.91
etsybag_scrap10_Polygon-26,0.9406,67.94,5.89
etsybag_scrap1_Polygon-2,0.9828,62.29,6.42
etsybag_scrap1_Polygon-7,0.9876,78.65,25.43
etsybag_scrap1_Polygon-4,0.9701,64.54,6.20
etsybag_scrap1_Polygon-6,0.9547,63.33,6.32
etsybag_scrap1_Polygon-3,0.9915,63.45,12.61
etsybag_scrap1_Polygon-5,0.9783,66.45,6.02
etsybag_scrap1_Polygon-8,0.8731,49.95,15.01
etsybag_scrap4_Polygon-2,0.9678,88.40,195.15
etsybag_scrap4_Polygon-3,0.9575,82.00,53.05
etsybag_scrap4_Polygon-5,0.8628,78.81,152.26
etsybag_scrap4_Polygon-4,0.7926,77.77,147.23
etsybag_scrap7_Polygon-8,0.9361,84.58,59.71
etsybag_scrap7_Polygon-3,0.9823,80.18,39.91
etsybag_scrap7_Polygon-6,0.9683,80.55,44.69
etsybag_scrap7_Polygon-2,0.9793,68.94,5.80
etsybag_scrap7_Polygon-4,0.8960,62.36,12.83
etsybag_scrap7_Polygon-5,0.9844,88.19,76.54
etsybag_scrap7_Polygon-7,0.9754,77.90,41.08
etsybag_scrap3_Polygon-2,0.9819,55.74,34.08
etsybag_scrap3_Polygon-4,0.9249,78.11,44.81
etsybag_scrap3_Polygon-5,0.8461,76.46,33.35
etsybag_scrap3_Polygon-6,0.9516,70.36,21.32
etsybag_scrap3_Polygon-7,0.9340,88.43,78.03
etsybag_scrap3_Polygon-3,0.9920,72.58,41.33
etsybag_scrap8_Polygon-6,0.9932,64.23,24.91
etsybag_scrap8_Polygon-9,0.9894,63.32,25.27
etsybag_scrap8_Polygon-3,0.9896,64.58,25.55
etsybag_scrap8_Polygon-7,0.9852,62.30,25.68
etsybag_scrap8_Polygon-4,0.9899,93.86,26.64
etsybag_scrap8_Polygon-2,0.9943,66.12,26.47
etsybag_scrap8_Polygon-10,0.9793,81.07,25.29
etsybag_scrap8_Polygon-5,0.9906,80.29,25.53
etsybag_scrap8_Polygon-8,0.9945,64.21,25.70
etsybag_scrap2_Polygon-2,0.9634,90.13,104.85
etsybag_scrap2_Polygon-6,0.9241,68.00,5.88
etsybag_scrap2_Polygon-7,0.9305,66.64,6.00
etsybag_scrap2_Polygon-5,0.9905,63.62,25.15
etsybag_scrap2_Polygon-9,0.9604,62.52,6.40
etsybag_scrap2_Polygon-3,0.9813,75.95,25.67
etsybag_scrap2_Polygon-4,0.9952,63.94,25.03
etsybag_scrap2_Polygon-8,0.9818,62.79,6.37
etsybag_scrap5_Polygon-3,0.9799,83.62,53.82
etsybag_scrap5_Polygon-2,0.9657,93.10,386.69
etsybag_scrap5_Polygon-4,0.9740,72.15,22.17
etsybag_scrap6_Polygon-2,0.9581,87.65,135.77
etsybag_scrap6_Polygon-4,0.9411,85.07,220.39
etsybag_scrap6_Polygon-3,0.9168,88.37,92.79
etsybag_scrap9_Polygon-4,0.7941,74.25,14.82
etsybag_scrap9_Polygon-3,0.9642,85.46,87.76
etsybag_scrap9_Polygon-2,0.9733,88.80,181.31
linen_scrap2-3_Polygon6,0.9752,81.96,41.49
linen_scrap2-3_Polygon2,0.9330,77.95,48.11
linen_scrap2-3_Polygon4,0.9791,92.37,59.54
linen_scrap2-3_Polygon3,0.9774,80.25,52.33
linen_scrap2-3_Polygon5,0.9865,77.30,41.40
linen_scrap3-1_Polygon4,0.9363,73.89,47.37
linen_scrap3-1_Polygon6,0.9566,80.70,39.65
linen_scrap3-1_Polygon7,0.9562,82.30,51.04
linen_scrap3-1_Polygon2,0.9275,78.49,38.22
linen_scrap3-1_Polygon8,0.9425,81.06,49.35
linen_scrap3-1_Polygon3,0.9875,74.51,33.55
linen_scrap3-1_Polygon5,0.9483,78.17,38.38
linen_scrap2-2_Polygon9,0.9829,76.33,28.82
linen_scrap2-2_Polygon5,0.9838,80.29,37.37
linen_scrap2-2_Polygon7,0.9875,81.60,30.02
linen_scrap2-2_Polygon8,0.9845,80.87,39.57
linen_scrap2-2_Polygon3,0.9852,88.26,40.22
linen_scrap2-2_Polygon4,0.9769,83.36,35.99
linen_scrap2-2_Polygon6,0.9788,85.37,29.28
linen_scrap2-2_Polygon2,0.9720,81.32,38.12
linen_scrap1-2_Polygon3,0.9884,94.05,59.54
linen_scrap1-2_Polygon4,0.9896,82.44,50.95
linen_scrap1-2_Polygon2,0.9759,87.41,52.62
linen_scrap1-2_Polygon5,0.9941,84.58,53.20
linen_scrap1-1_Polygon4,0.9768,87.22,64.21
linen_scrap1-1_Polygon7,0.9790,81.68,57.54
linen_scrap1-1_Polygon6,0.9697,89.48,62.58
linen_scrap1-1_Polygon2,0.9784,80.38,60.96
linen_scrap1-1_Polygon5,0.9685,88.48,68.38
linen_scrap1-1_Polygon3,0.9870,81.46,68.75
linen_scrap3-2_Polygon4,0.9701,78.96,22.16
linen_scrap3-2_Polygon6,0.9515,85.01,18.23
linen_scrap3-2_Polygon3,0.9501,70.25,16.37
linen_scrap3-2_Polygon5,0.9874,65.25,24.52
linen_scrap3-2_Polygon2,0.9779,71.97,14.59
linen_scrap2-1_Polygon11,0.9857,65.10,13.82
linen_scrap2-1_Polygon10,0.9799,71.75,16.73
linen_scrap2-1_Polygon9,0.9715,59.44,15.14
linen_scrap2-1_Polygon8,0.9582,60.56,14.86
linen_scrap2-1_Polygon5,0.9931,31.40,3.18
linen_scrap2-1_Polygon2,0.9962,73.13,20.51
linen_scrap2-1_Polygon4,0.9484,75.84,19.12
linen_scrap2-1_Polygon6,0.9819,51.52,7.76
linen_scrap2-1_Polygon3,0.9749,70.79,16.95
linen_scrap2-1_Polygon7,0.9897,78.52,11.46
linen_scrap2-1_Polygon12,0.9865,59.13,15.22
etsybag2_scraps1_Polygon-3,0.9923,88.67,94.17
etsybag2_scraps1_Polygon-2,0.9889,79.68,65.26
etsybag2_scraps1_Polygon-5,0.8886,80.64,44.64
etsybag2_scraps1_Polygon-4,0.9570,73.70,59.70
